파일명,클러스터,구간-시작(초),구간-종료(초),최소 주파수(Hz),최대 주파수(Hz),최빈값(Hz),최대 진폭(dB SPL)
1008.wav,0,0.35,0.49,224.77,224.77,224.77,61.01
1016.wav,12,0.49,0.70,402.06,402.06,402.06,67.47
1031.wav,0,0.09,0.21,195.22,195.22,195.22,60.71
1038.wav,0,0.37,0.46,933.94,933.94,933.94,73.07
1039.wav,2,0.02,0.88,1228.91,1228.91,1228.91,62.97
1041.wav,0,0.58,0.72,1210.32,1210.32,1210.32,72.93
1045.wav,0,0.09,0.19,475.93,475.93,475.93,68.26
1057.wav,1,0.39,1.00,800.97,800.97,800.97,64.39
1059.wav,4,0.05,0.65,653.22,653.22,653.22,65.30
1061.wav,0,0.72,0.84,800.97,800.97,800.97,66.45
1062.wav,1,0.21,0.46,845.29,845.29,845.29,64.39
1074.wav,0,0.60,0.93,1666.71,1666.71,1666.71,67.00
1075.wav,0,0.14,0.98,1616.69,1616.69,1616.69,68.27
1077.wav,0,0.30,0.53,1306.13,1306.13,1306.13,70.47
1080.wav,1,0.16,0.77,1174.00,1174.00,1174.00,79.70
1091.wav,1,0.63,0.84,1174.00,1174.00,1174.00,75.86
1092.wav,0,0.19,0.44,1266.93,1266.93,1266.93,71.33
1106.wav,1,0.26,0.86,136.12,136.12,136.12,87.55
1107.wav,4,0.53,0.72,136.12,136.12,136.12,87.55
1108.wav,3,0.51,0.88,106.57,106.57,106.57,92.79
1110.wav,0,0.39,0.63,106.57,106.57,106.57,61.06
1112.wav,0,0.44,0.79,91.80,91.80,91.80,69.42
1118.wav,0,0.00,0.26,121.35,121.35,121.35,64.18
1120.wav,0,0.72,0.81,136.12,136.12,136.12,65.57
1121.wav,0,0.26,0.35,91.80,91.80,91.80,63.76
1122.wav,0,0.79,0.95,77.03,77.03,77.03,60.85
1123.wav,8,0.00,0.74,195.22,195.22,195.22,75.17
1125.wav,12,0.53,0.91,239.54,239.54,239.54,84.05
1127.wav,0,0.21,0.63,91.80,91.80,91.80,63.29
1128.wav,0,0.60,0.74,106.57,106.57,106.57,63.04
1130.wav,4,0.02,0.28,121.35,121.35,121.35,81.97
1132.wav,2,0.33,0.86,91.80,91.80,91.80,96.29
1133.wav,4,0.05,0.88,136.12,136.12,136.12,65.68
1134.wav,0,0.12,0.21,106.57,106.57,106.57,70.55
1135.wav,1,0.56,0.98,91.80,91.80,91.80,86.47
1139.wav,0,0.77,0.93,77.03,77.03,77.03,74.31
1141.wav,0,0.35,0.95,121.35,121.35,121.35,61.62
1143.wav,1,0.44,0.93,91.80,91.80,91.80,87.27
1146.wav,0,0.56,0.86,91.80,91.80,91.80,63.02
1147.wav,1,0.30,0.51,77.03,77.03,77.03,82.62
1148.wav,0,0.49,0.84,106.57,106.57,106.57,77.07
1149.wav,0,0.00,0.09,106.57,106.57,106.57,62.89
1151.wav,0,0.00,0.56,91.80,91.80,91.80,76.22
1154.wav,5,0.12,1.00,136.12,136.12,136.12,76.65
1155.wav,2,0.00,1.00,91.80,91.80,91.80,90.55
1156.wav,1,0.00,0.98,77.03,77.03,77.03,86.64
1157.wav,3,0.00,1.00,106.57,106.57,106.57,88.59
1158.wav,0,0.00,0.93,62.25,62.25,62.25,61.27
1159.wav,0,0.00,1.00,62.25,62.25,62.25,70.73
1160.wav,0,0.00,0.74,62.25,62.25,62.25,86.09
1161.wav,4,0.05,1.00,106.57,106.57,106.57,101.98
1162.wav,0,0.00,0.91,106.57,106.57,106.57,58.64
1163.wav,1,0.09,0.98,121.35,121.35,121.35,60.89
1164.wav,1,0.02,0.93,106.57,106.57,106.57,65.05
1165.wav,0,0.09,0.98,106.57,106.57,106.57,58.45
1166.wav,0,0.02,0.58,121.35,121.35,121.35,63.43
1167.wav,2,0.05,0.53,239.54,239.54,239.54,54.90
1168.wav,2,0.09,0.98,136.12,136.12,136.12,55.83
1169.wav,1,0.02,0.98,121.35,121.35,121.35,63.76
1170.wav,5,0.00,0.84,209.99,209.99,209.99,59.21
1171.wav,0,0.02,0.95,91.80,91.80,91.80,58.18
1172.wav,0,0.00,1.00,106.57,106.57,106.57,61.04
1173.wav,8,0.00,0.98,209.99,209.99,209.99,66.30
1174.wav,10,0.00,0.98,239.54,239.54,239.54,64.70
1175.wav,2,0.02,1.00,121.35,121.35,121.35,72.79
1176.wav,2,0.00,1.00,106.57,106.57,106.57,70.63
1177.wav,2,0.00,1.00,106.57,106.57,106.57,69.76
1178.wav,3,0.00,0.95,121.35,121.35,121.35,79.76
1179.wav,1,0.02,1.00,121.35,121.35,121.35,66.78
1180.wav,4,0.02,0.98,136.12,136.12,136.12,79.24
1181.wav,2,0.00,0.98,106.57,106.57,106.57,69.35
1182.wav,2,0.00,1.00,106.57,106.57,106.57,71.70
1183.wav,1,0.00,0.88,106.57,106.57,106.57,66.45
1184.wav,0,0.00,0.95,106.57,106.57,106.57,62.86
1185.wav,2,0.00,1.00,106.57,106.57,106.57,65.41
1186.wav,1,0.00,1.00,91.80,91.80,91.80,64.23
1187.wav,1,0.00,0.95,106.57,106.57,106.57,70.67
1188.wav,4,0.00,0.67,165.67,165.67,165.67,59.22
1189.wav,2,0.02,1.00,106.57,106.57,106.57,83.34
1190.wav,4,0.00,1.00,121.35,121.35,121.35,83.46
1191.wav,2,0.00,1.00,106.57,106.57,106.57,75.64
1192.wav,1,0.00,0.56,91.80,91.80,91.80,86.37
1192.wav,19,0.63,0.93,387.29,387.29,387.29,55.10
1193.wav,0,0.00,1.00,106.57,106.57,106.57,67.28
1194.wav,2,0.00,1.00,106.57,106.57,106.57,75.25
1195.wav,2,0.00,1.00,106.57,106.57,106.57,67.82
1196.wav,2,0.00,1.00,106.57,106.57,106.57,75.10
1197.wav,2,0.00,1.00,106.57,106.57,106.57,74.03
1198.wav,0,0.00,0.58,62.25,62.25,62.25,54.65
1198.wav,18,0.63,1.00,328.19,328.19,328.19,63.50
1199.wav,0,0.00,1.00,62.25,62.25,62.25,62.23
1200.wav,0,0.00,0.44,62.25,62.25,62.25,54.37
1200.wav,27,0.49,0.79,490.71,490.71,490.71,62.00
1201.wav,3,0.00,1.00,106.57,106.57,106.57,61.45
1202.wav,1,0.00,1.00,77.03,77.03,77.03,67.27
1203.wav,1,0.00,1.00,77.03,77.03,77.03,64.52
1204.wav,3,0.00,1.00,106.57,106.57,106.57,75.93
1205.wav,0,0.00,1.00,91.80,91.80,91.80,54.24
1206.wav,2,0.00,0.74,91.80,91.80,91.80,69.27
1207.wav,3,0.00,1.00,106.57,106.57,106.57,84.91
1208.wav,2,0.00,1.00,91.80,91.80,91.80,70.58
1209.wav,1,0.00,0.98,77.03,77.03,77.03,64.56
1210.wav,3,0.00,1.00,106.57,106.57,106.57,69.52
1211.wav,3,0.00,0.98,106.57,106.57,106.57,66.56
1212.wav,0,0.23,0.88,121.35,121.35,121.35,53.81
1213.wav,0,0.05,0.72,77.03,77.03,77.03,51.29
1214.wav,0,0.02,0.65,91.80,91.80,91.80,51.52
1215.wav,0,0.02,0.14,106.57,106.57,106.57,57.08
1215.wav,3,0.23,0.91,150.90,150.90,150.90,52.46
1216.wav,0,0.02,0.86,136.12,136.12,136.12,54.83
1218.wav,5,0.02,0.98,121.35,121.35,121.35,84.34
1219.wav,2,0.02,0.98,121.35,121.35,121.35,66.59
1220.wav,2,0.00,0.86,106.57,106.57,106.57,68.87
1221.wav,0,0.00,0.93,136.12,136.12,136.12,64.11
1222.wav,0,0.21,0.95,136.12,136.12,136.12,59.20
1223.wav,0,0.05,0.95,136.12,136.12,136.12,59.53
1224.wav,0,0.84,0.95,180.45,180.45,180.45,56.60
1225.wav,0,0.02,0.95,121.35,121.35,121.35,53.60
1226.wav,5,0.16,0.93,136.12,136.12,136.12,60.29
1227.wav,0,0.00,0.63,77.03,77.03,77.03,61.86
1227.wav,1,0.65,0.98,106.57,106.57,106.57,56.56
1228.wav,1,0.02,0.86,77.03,77.03,77.03,67.61
1229.wav,3,0.21,0.86,106.57,106.57,106.57,67.63
1230.wav,3,0.02,1.00,121.35,121.35,121.35,70.09
1231.wav,4,0.00,0.84,121.35,121.35,121.35,70.58
1232.wav,0,0.02,0.93,62.25,62.25,62.25,59.41
1233.wav,0,0.19,0.88,77.03,77.03,77.03,63.44
1234.wav,1,0.00,0.86,77.03,77.03,77.03,65.43
1235.wav,6,0.00,1.00,150.90,150.90,150.90,74.43
1236.wav,0,0.05,0.93,77.03,77.03,77.03,56.14
1237.wav,1,0.00,1.00,77.03,77.03,77.03,71.74
1238.wav,2,0.00,0.53,91.80,91.80,91.80,66.31
1239.wav,1,0.07,1.00,77.03,77.03,77.03,60.99
1240.wav,0,0.00,0.14,62.25,62.25,62.25,63.04
1241.wav,0,0.02,1.00,62.25,62.25,62.25,69.14
1242.wav,1,0.07,0.95,77.03,77.03,77.03,71.39
1243.wav,3,0.02,1.00,106.57,106.57,106.57,69.90
1244.wav,0,0.00,0.33,62.25,62.25,62.25,59.69
1245.wav,0,0.00,0.86,62.25,62.25,62.25,60.69
1246.wav,3,0.02,0.86,121.35,121.35,121.35,65.06
1247.wav,6,0.02,0.72,180.45,180.45,180.45,55.49
1250.wav,0,0.42,0.74,136.12,136.12,136.12,58.22
1252.wav,0,0.35,0.95,121.35,121.35,121.35,59.81
1253.wav,1,0.02,0.98,121.35,121.35,121.35,60.75
1254.wav,0,0.00,0.98,106.57,106.57,106.57,63.98
1255.wav,0,0.02,0.37,106.57,106.57,106.57,60.57
1257.wav,0,0.05,0.72,77.03,77.03,77.03,59.93
1258.wav,0,0.05,0.93,121.35,121.35,121.35,56.74
1259.wav,2,0.14,0.98,121.35,121.35,121.35,62.37
1260.wav,0,0.00,0.98,106.57,106.57,106.57,61.44
1261.wav,1,0.02,0.14,106.57,106.57,106.57,58.26
1261.wav,3,0.28,0.81,136.12,136.12,136.12,54.79
1262.wav,0,0.05,0.98,136.12,136.12,136.12,51.42
1263.wav,2,0.07,0.74,121.35,121.35,121.35,68.06
1263.wav,6,0.86,0.98,180.45,180.45,180.45,57.05
1264.wav,0,0.28,0.95,224.77,224.77,224.77,54.57
1265.wav,2,0.02,0.65,121.35,121.35,121.35,60.02
1266.wav,1,0.00,0.98,136.12,136.12,136.12,56.79
1267.wav,1,0.02,0.95,77.03,77.03,77.03,71.82
1268.wav,1,0.00,1.00,77.03,77.03,77.03,71.85
1269.wav,0,0.02,0.91,77.03,77.03,77.03,64.94
1270.wav,1,0.12,0.98,106.57,106.57,106.57,52.99
1271.wav,0,0.02,0.67,91.80,91.80,91.80,56.04
1275.wav,0,0.28,0.86,77.03,77.03,77.03,62.93
1276.wav,1,0.19,0.84,77.03,77.03,77.03,68.53
1277.wav,2,0.33,0.98,121.35,121.35,121.35,57.64
1278.wav,1,0.00,0.74,77.03,77.03,77.03,65.63
1279.wav,0,0.02,0.91,62.25,62.25,62.25,69.39
1280.wav,1,0.00,1.00,91.80,91.80,91.80,67.63
1281.wav,5,0.00,0.12,313.41,313.41,313.41,61.26
1281.wav,2,0.16,1.00,91.80,91.80,91.80,63.04
1282.wav,2,0.02,0.74,106.57,106.57,106.57,60.87
1283.wav,7,0.00,0.09,978.26,978.26,978.26,63.07
1283.wav,3,0.12,0.30,106.57,106.57,106.57,62.83
1284.wav,1,0.02,0.95,77.03,77.03,77.03,80.72
1285.wav,2,0.02,0.98,91.80,91.80,91.80,77.59
1286.wav,0,0.00,0.86,62.25,62.25,62.25,81.83
1287.wav,0,0.02,0.91,77.03,77.03,77.03,60.26
1288.wav,1,0.02,0.81,77.03,77.03,77.03,68.52
1289.wav,1,0.12,0.98,77.03,77.03,77.03,77.01
1290.wav,2,0.00,0.16,520.26,520.26,520.26,64.94
1291.wav,1,0.07,0.95,77.03,77.03,77.03,71.39
1292.wav,8,0.00,0.46,195.22,195.22,195.22,66.31
1293.wav,2,0.00,0.79,91.80,91.80,91.80,67.65
1294.wav,7,0.02,0.51,165.67,165.67,165.67,101.80
1295.wav,2,0.00,0.91,106.57,106.57,106.57,65.16
1296.wav,1,0.02,0.93,77.03,77.03,77.03,60.85
1297.wav,1,0.00,0.91,77.03,77.03,77.03,79.72
1298.wav,2,0.00,0.84,91.80,91.80,91.80,60.11
1299.wav,4,0.00,0.98,121.35,121.35,121.35,60.20
1300.wav,0,0.00,0.77,62.25,62.25,62.25,59.55
1301.wav,1,0.05,0.98,77.03,77.03,77.03,65.74
1302.wav,1,0.02,0.98,77.03,77.03,77.03,72.45
1303.wav,4,0.00,0.95,121.35,121.35,121.35,64.94
1304.wav,0,0.00,0.98,62.25,62.25,62.25,59.89
1305.wav,11,0.05,0.93,269.09,269.09,269.09,64.94
1306.wav,4,0.00,0.95,121.35,121.35,121.35,61.67
1307.wav,0,0.05,0.81,77.03,77.03,77.03,64.01
1308.wav,1,0.02,0.98,77.03,77.03,77.03,85.48
1309.wav,3,0.00,1.00,121.35,121.35,121.35,69.42
1310.wav,2,0.00,1.00,91.80,91.80,91.80,71.17
1311.wav,0,0.00,1.00,62.25,62.25,62.25,76.42
1312.wav,0,0.00,0.98,62.25,62.25,62.25,63.54
1313.wav,1,0.02,1.00,77.03,77.03,77.03,73.51
1314.wav,1,0.00,1.00,77.03,77.03,77.03,69.34
1315.wav,0,0.00,0.93,62.25,62.25,62.25,63.40
1316.wav,0,0.02,0.93,62.25,62.25,62.25,67.39
1317.wav,0,0.00,1.00,62.25,62.25,62.25,62.37
1318.wav,0,0.00,1.00,62.25,62.25,62.25,65.96
1319.wav,2,0.05,1.00,91.80,91.80,91.80,67.59
1320.wav,0,0.00,1.00,62.25,62.25,62.25,67.32
1321.wav,0,0.00,1.00,62.25,62.25,62.25,69.22
1322.wav,0,0.00,1.00,62.25,62.25,62.25,64.01
1323.wav,0,0.00,1.00,62.25,62.25,62.25,68.49
1324.wav,0,0.00,1.00,62.25,62.25,62.25,66.64
1325.wav,0,0.00,0.95,62.25,62.25,62.25,72.10
1326.wav,0,0.00,1.00,62.25,62.25,62.25,70.13
1327.wav,0,0.00,1.00,62.25,62.25,62.25,69.54
1328.wav,0,0.00,1.00,62.25,62.25,62.25,73.48
1329.wav,0,0.00,1.00,62.25,62.25,62.25,70.68
1330.wav,0,0.00,1.00,62.25,62.25,62.25,69.77
1331.wav,0,0.00,1.00,62.25,62.25,62.25,75.35
1332.wav,1,0.00,1.00,77.03,77.03,77.03,78.52
1333.wav,0,0.00,1.00,62.25,62.25,62.25,77.54
1334.wav,0,0.00,1.00,62.25,62.25,62.25,68.13
1335.wav,0,0.00,1.00,62.25,62.25,62.25,70.33
1336.wav,0,0.00,1.00,62.25,62.25,62.25,82.05
1337.wav,0,0.00,1.00,62.25,62.25,62.25,68.65
1338.wav,0,0.00,1.00,62.25,62.25,62.25,70.37
1339.wav,0,0.00,0.98,62.25,62.25,62.25,71.22
1340.wav,0,0.00,1.00,62.25,62.25,62.25,75.99
1341.wav,0,0.00,1.00,62.25,62.25,62.25,69.15
1342.wav,0,0.00,1.00,62.25,62.25,62.25,71.64
1343.wav,0,0.00,1.00,62.25,62.25,62.25,70.47
1344.wav,0,0.00,0.93,62.25,62.25,62.25,69.77
1345.wav,1,0.00,1.00,77.03,77.03,77.03,80.45
1346.wav,0,0.00,1.00,62.25,62.25,62.25,74.08
1347.wav,0,0.00,1.00,62.25,62.25,62.25,65.85
1348.wav,0,0.00,1.00,62.25,62.25,62.25,73.44
1349.wav,0,0.00,1.00,62.25,62.25,62.25,69.98
1350.wav,0,0.00,1.00,62.25,62.25,62.25,73.14
1351.wav,0,0.00,1.00,62.25,62.25,62.25,70.49
1352.wav,1,0.00,1.00,77.03,77.03,77.03,76.98
1353.wav,0,0.00,1.00,62.25,62.25,62.25,74.10
1354.wav,0,0.00,1.00,62.25,62.25,62.25,69.04
1355.wav,0,0.00,1.00,62.25,62.25,62.25,71.12
1356.wav,0,0.00,0.98,62.25,62.25,62.25,71.52
1357.wav,0,0.00,1.00,62.25,62.25,62.25,68.92
1358.wav,0,0.00,1.00,62.25,62.25,62.25,68.57
1359.wav,0,0.00,1.00,62.25,62.25,62.25,68.28
1360.wav,0,0.00,1.00,62.25,62.25,62.25,68.74
1361.wav,0,0.02,1.00,47.48,47.48,47.48,56.46
1362.wav,0,0.00,1.00,62.25,62.25,62.25,69.62
1363.wav,1,0.00,1.00,62.25,62.25,62.25,86.15
1364.wav,1,0.00,1.00,62.25,62.25,62.25,79.06
1365.wav,0,0.00,1.00,32.70,32.70,32.70,66.20
1366.wav,0,0.00,0.88,47.48,47.48,47.48,73.50
1367.wav,4,0.00,1.00,91.80,91.80,91.80,112.36
1368.wav,0,0.00,0.49,47.48,47.48,47.48,95.70
1369.wav,1,0.00,1.00,62.25,62.25,62.25,95.47
1370.wav,1,0.00,1.00,62.25,62.25,62.25,92.81
1371.wav,0,0.00,0.70,32.70,32.70,32.70,56.73
1372.wav,1,0.00,1.00,47.48,47.48,47.48,82.97
1373.wav,0,0.00,1.00,32.70,32.70,32.70,68.69
1374.wav,0,0.00,0.53,32.70,32.70,32.70,63.57
1375.wav,1,0.00,0.95,47.48,47.48,47.48,89.18
1376.wav,2,0.00,1.00,77.03,77.03,77.03,92.88
1377.wav,0,0.00,1.00,47.48,47.48,47.48,78.93
1378.wav,0,0.00,1.00,47.48,47.48,47.48,73.25
1379.wav,0,0.00,0.88,47.48,47.48,47.48,79.43
1380.wav,1,0.00,1.00,62.25,62.25,62.25,80.12
1381.wav,0,0.00,0.70,47.48,47.48,47.48,73.22
1382.wav,0,0.00,1.00,47.48,47.48,47.48,57.57
1383.wav,2,0.00,1.00,62.25,62.25,62.25,97.69
1384.wav,1,0.00,1.00,62.25,62.25,62.25,98.18
1385.wav,0,0.02,1.00,47.48,47.48,47.48,71.68
1386.wav,0,0.00,1.00,47.48,47.48,47.48,65.34
1387.wav,0,0.00,1.00,47.48,47.48,47.48,73.19
1388.wav,0,0.00,1.00,47.48,47.48,47.48,63.07
1389.wav,0,0.00,1.00,47.48,47.48,47.48,65.16
1390.wav,0,0.00,0.86,47.48,47.48,47.48,65.87
1391.wav,1,0.00,1.00,62.25,62.25,62.25,80.72
1392.wav,1,0.02,1.00,62.25,62.25,62.25,78.96
1393.wav,0,0.00,0.79,47.48,47.48,47.48,72.43
1394.wav,1,0.00,1.00,62.25,62.25,62.25,85.38
1395.wav,0,0.00,1.00,62.25,62.25,62.25,72.31
1396.wav,1,0.00,0.95,62.25,62.25,62.25,94.59
1397.wav,1,0.00,1.00,62.25,62.25,62.25,91.23
1398.wav,0,0.00,1.00,47.48,47.48,47.48,72.94
1399.wav,0,0.00,1.00,47.48,47.48,47.48,72.92
1400.wav,2,0.00,1.00,77.03,77.03,77.03,102.77
1401.wav,0,0.00,0.56,47.48,47.48,47.48,71.12
1402.wav,3,0.00,1.00,91.80,91.80,91.80,104.19
1403.wav,1,0.00,1.00,62.25,62.25,62.25,82.54
1404.wav,1,0.02,1.00,62.25,62.25,62.25,83.80
1405.wav,1,0.00,1.00,62.25,62.25,62.25,94.06
1406.wav,1,0.00,1.00,62.25,62.25,62.25,102.15
1407.wav,0,0.00,0.70,47.48,47.48,47.48,63.64
1408.wav,1,0.02,0.98,62.25,62.25,62.25,74.76
1409.wav,0,0.00,0.95,47.48,47.48,47.48,67.44
1410.wav,1,0.00,0.95,62.25,62.25,62.25,85.00
1411.wav,1,0.00,1.00,62.25,62.25,62.25,87.06
1412.wav,1,0.00,1.00,62.25,62.25,62.25,88.03
1413.wav,0,0.00,0.30,47.48,47.48,47.48,68.66
1414.wav,0,0.00,1.00,47.48,47.48,47.48,65.23
1415.wav,0,0.00,1.00,47.48,47.48,47.48,73.65
1416.wav,0,0.00,0.95,47.48,47.48,47.48,75.54
1417.wav,1,0.00,1.00,62.25,62.25,62.25,82.60
1418.wav,1,0.00,1.00,62.25,62.25,62.25,91.21
1419.wav,2,0.00,1.00,77.03,77.03,77.03,99.91
1420.wav,0,0.00,1.00,47.48,47.48,47.48,75.02
1421.wav,2,0.02,1.00,62.25,62.25,62.25,111.61
1422.wav,0,0.00,1.00,47.48,47.48,47.48,76.73
1423.wav,0,0.00,1.00,47.48,47.48,47.48,79.10
1424.wav,0,0.00,0.86,47.48,47.48,47.48,86.63
1425.wav,1,0.00,1.00,62.25,62.25,62.25,96.69
1426.wav,1,0.00,1.00,62.25,62.25,62.25,88.71
1427.wav,0,0.00,0.93,47.48,47.48,47.48,75.22
1428.wav,2,0.00,1.00,77.03,77.03,77.03,105.48
1429.wav,2,0.00,1.00,77.03,77.03,77.03,102.86
1430.wav,2,0.00,1.00,77.03,77.03,77.03,108.39
1431.wav,0,0.00,1.00,47.48,47.48,47.48,65.10
1432.wav,0,0.00,0.91,47.48,47.48,47.48,71.03
1433.wav,3,0.00,1.00,91.80,91.80,91.80,96.57
1434.wav,0,0.00,0.88,47.48,47.48,47.48,73.50
1435.wav,2,0.00,1.00,62.25,62.25,62.25,92.15
1436.wav,0,0.00,1.00,47.48,47.48,47.48,78.08
1437.wav,0,0.00,1.00,47.48,47.48,47.48,74.66
1438.wav,0,0.00,0.65,32.70,32.70,32.70,68.09
1439.wav,2,0.00,0.98,77.03,77.03,77.03,95.91
1440.wav,3,0.00,1.00,91.80,91.80,91.80,95.75
1441.wav,1,0.00,0.98,62.25,62.25,62.25,74.19
1442.wav,3,0.00,1.00,91.80,91.80,91.80,108.77
1443.wav,3,0.00,0.98,91.80,91.80,91.80,104.50
1444.wav,0,0.00,0.98,47.48,47.48,47.48,70.80
1445.wav,1,0.00,1.00,62.25,62.25,62.25,89.23
1446.wav,0,0.00,1.00,47.48,47.48,47.48,66.43
1447.wav,1,0.00,0.93,62.25,62.25,62.25,85.01
1448.wav,3,0.00,1.00,91.80,91.80,91.80,95.99
1449.wav,0,0.00,0.74,32.70,32.70,32.70,60.45
1450.wav,0,0.00,1.00,47.48,47.48,47.48,73.79
1451.wav,1,0.00,1.00,62.25,62.25,62.25,86.31
1452.wav,2,0.02,1.00,77.03,77.03,77.03,107.95
1453.wav,2,0.00,1.00,62.25,62.25,62.25,100.61
1454.wav,0,0.00,0.93,47.48,47.48,47.48,77.04
1455.wav,2,0.02,0.98,77.03,77.03,77.03,82.42
1456.wav,2,0.00,1.00,77.03,77.03,77.03,97.46
1457.wav,1,0.00,0.93,62.25,62.25,62.25,90.42
1458.wav,5,0.02,1.00,121.35,121.35,121.35,103.76
1459.wav,0,0.02,0.86,62.25,62.25,62.25,59.03
1460.wav,2,0.02,1.00,77.03,77.03,77.03,95.50
1461.wav,0,0.00,0.67,47.48,47.48,47.48,71.06
1462.wav,1,0.00,0.93,62.25,62.25,62.25,78.65
1463.wav,1,0.00,0.93,62.25,62.25,62.25,89.63
1464.wav,6,0.00,0.95,136.12,136.12,136.12,92.01
1465.wav,2,0.00,1.00,77.03,77.03,77.03,98.42
1466.wav,1,0.00,0.95,62.25,62.25,62.25,77.62
1467.wav,1,0.02,1.00,62.25,62.25,62.25,85.43
1468.wav,0,0.00,1.00,47.48,47.48,47.48,69.04
1469.wav,0,0.00,1.00,47.48,47.48,47.48,63.64
1470.wav,0,0.00,1.00,47.48,47.48,47.48,63.75
1471.wav,0,0.00,0.81,47.48,47.48,47.48,78.32
1472.wav,1,0.00,1.00,62.25,62.25,62.25,82.85
1473.wav,1,0.00,1.00,62.25,62.25,62.25,84.89
1474.wav,1,0.00,0.95,62.25,62.25,62.25,75.37
1475.wav,1,0.00,1.00,62.25,62.25,62.25,79.37
1476.wav,1,0.00,1.00,62.25,62.25,62.25,82.93
1477.wav,0,0.00,0.46,47.48,47.48,47.48,72.04
1478.wav,2,0.00,1.00,77.03,77.03,77.03,82.65
1479.wav,5,0.00,0.95,121.35,121.35,121.35,104.69
1480.wav,1,0.00,1.00,62.25,62.25,62.25,83.88
1481.wav,3,0.02,1.00,106.57,106.57,106.57,79.69
1482.wav,1,0.00,1.00,91.80,91.80,91.80,65.41
1483.wav,4,0.00,1.00,121.35,121.35,121.35,80.35
1484.wav,2,0.00,1.00,77.03,77.03,77.03,88.21
1485.wav,2,0.00,1.00,77.03,77.03,77.03,83.12
1486.wav,0,0.00,1.00,62.25,62.25,62.25,76.83
1487.wav,0,0.00,1.00,62.25,62.25,62.25,76.65
1488.wav,0,0.00,1.00,62.25,62.25,62.25,73.76
1489.wav,0,0.00,1.00,62.25,62.25,62.25,75.92
1490.wav,0,0.00,1.00,62.25,62.25,62.25,75.93
1491.wav,0,0.00,1.00,62.25,62.25,62.25,74.15
1492.wav,0,0.00,1.00,62.25,62.25,62.25,79.47
1493.wav,1,0.00,1.00,62.25,62.25,62.25,98.50
1494.wav,0,0.00,1.00,62.25,62.25,62.25,72.08
1495.wav,0,0.00,1.00,62.25,62.25,62.25,75.92
1496.wav,0,0.00,1.00,47.48,47.48,47.48,65.17
1497.wav,0,0.00,1.00,62.25,62.25,62.25,70.23
1498.wav,0,0.00,1.00,62.25,62.25,62.25,73.67
1499.wav,0,0.00,1.00,62.25,62.25,62.25,77.34
1500.wav,0,0.00,1.00,62.25,62.25,62.25,74.46
1501.wav,0,0.00,1.00,47.48,47.48,47.48,63.77
1502.wav,0,0.00,1.00,62.25,62.25,62.25,74.07
1503.wav,0,0.00,1.00,62.25,62.25,62.25,75.88
1504.wav,0,0.00,1.00,62.25,62.25,62.25,77.48
1505.wav,0,0.00,1.00,62.25,62.25,62.25,78.99
1506.wav,0,0.00,1.00,62.25,62.25,62.25,77.60
1507.wav,0,0.00,1.00,62.25,62.25,62.25,79.47
1508.wav,0,0.00,1.00,62.25,62.25,62.25,76.68
1509.wav,0,0.00,1.00,62.25,62.25,62.25,75.14
1510.wav,0,0.00,1.00,62.25,62.25,62.25,79.75
1511.wav,0,0.00,1.00,62.25,62.25,62.25,82.45
1512.wav,0,0.00,1.00,62.25,62.25,62.25,75.55
1513.wav,0,0.00,1.00,62.25,62.25,62.25,78.36
1514.wav,0,0.00,1.00,62.25,62.25,62.25,81.27
1515.wav,1,0.00,0.93,47.48,47.48,47.48,79.28
1516.wav,0,0.00,0.70,47.48,47.48,47.48,82.75
1517.wav,1,0.02,0.95,77.03,77.03,77.03,71.68
1518.wav,0,0.00,0.84,62.25,62.25,62.25,59.85
1522.wav,0,0.67,0.88,62.25,62.25,62.25,80.31
1523.wav,0,0.35,0.88,62.25,62.25,62.25,62.99
1526.wav,0,0.46,0.74,91.80,91.80,91.80,55.12
1528.wav,5,0.81,0.98,298.64,298.64,298.64,69.46
1531.wav,2,0.35,0.51,136.12,136.12,136.12,64.88
1532.wav,13,0.09,0.39,328.19,328.19,328.19,77.62
1534.wav,0,0.09,0.77,106.57,106.57,106.57,68.59
1535.wav,11,0.00,1.00,254.32,254.32,254.32,91.27
1538.wav,0,0.00,0.14,47.48,47.48,47.48,90.25
1539.wav,1,0.12,0.67,77.03,77.03,77.03,57.29
1541.wav,2,0.79,1.00,62.25,62.25,62.25,108.75
1542.wav,0,0.00,0.09,47.48,47.48,47.48,68.95
1544.wav,19,0.00,0.21,1367.22,1367.22,1367.22,58.86
1545.wav,6,0.74,0.95,254.32,254.32,254.32,83.01
1548.wav,0,0.37,1.00,62.25,62.25,62.25,60.48
1550.wav,0,0.30,0.88,889.61,889.61,889.61,54.32
1572.wav,0,0.56,0.74,2126.83,2126.83,2126.83,67.93
1575.wav,8,0.72,1.00,1266.93,1266.93,1266.93,75.35
1576.wav,4,0.00,1.00,1138.76,1138.76,1138.76,63.74
1577.wav,4,0.09,0.98,1266.93,1266.93,1266.93,59.46
1578.wav,0,0.56,0.65,254.32,254.32,254.32,71.97
1581.wav,0,0.37,0.58,2126.83,2126.83,2126.83,69.57
1582.wav,0,0.65,0.79,2126.83,2126.83,2126.83,63.11
1584.wav,0,0.79,0.93,2126.83,2126.83,2126.83,57.88
1585.wav,0,0.00,0.98,372.51,372.51,372.51,65.62
1586.wav,0,0.00,0.98,372.51,372.51,372.51,60.37
1587.wav,1,0.21,0.98,254.32,254.32,254.32,56.30
1588.wav,6,0.02,0.46,136.12,136.12,136.12,95.75
1589.wav,0,0.84,0.95,254.32,254.32,254.32,53.69
1590.wav,1,0.02,0.98,254.32,254.32,254.32,58.98
1591.wav,0,0.02,0.98,136.12,136.12,136.12,55.06
1592.wav,0,0.02,0.98,254.32,254.32,254.32,58.32
1593.wav,0,0.02,0.98,254.32,254.32,254.32,57.72
1594.wav,0,0.02,0.98,254.32,254.32,254.32,57.18
1595.wav,0,0.02,0.98,254.32,254.32,254.32,60.32
1596.wav,0,0.05,0.98,254.32,254.32,254.32,58.90
1597.wav,0,0.02,0.98,254.32,254.32,254.32,58.16
1598.wav,0,0.02,0.98,254.32,254.32,254.32,58.76
1599.wav,0,0.02,0.98,254.32,254.32,254.32,60.00
1600.wav,0,0.02,0.98,254.32,254.32,254.32,58.04
1601.wav,0,0.02,0.98,254.32,254.32,254.32,59.33
1602.wav,0,0.02,0.98,254.32,254.32,254.32,59.82
1603.wav,0,0.02,1.00,254.32,254.32,254.32,61.15
1604.wav,0,0.02,0.93,254.32,254.32,254.32,60.71
1605.wav,0,0.00,1.00,2126.83,2126.83,2126.83,65.26
1606.wav,0,0.00,1.00,2126.83,2126.83,2126.83,66.60
1607.wav,0,0.00,0.37,2126.83,2126.83,2126.83,69.44
1610.wav,0,0.26,0.39,2126.83,2126.83,2126.83,64.14
1612.wav,0,0.49,0.67,2126.83,2126.83,2126.83,69.96
1614.wav,0,0.79,0.98,2126.83,2126.83,2126.83,70.54
1615.wav,1,0.00,1.00,372.51,372.51,372.51,71.39
1616.wav,1,0.00,1.00,372.51,372.51,372.51,70.53
1617.wav,2,0.00,0.98,372.51,372.51,372.51,67.44
1618.wav,1,0.02,0.98,372.51,372.51,372.51,57.22
1619.wav,0,0.00,0.98,254.32,254.32,254.32,60.70
1620.wav,0,0.02,0.98,254.32,254.32,254.32,60.99
1621.wav,0,0.02,0.98,254.32,254.32,254.32,60.45
1622.wav,0,0.02,0.98,254.32,254.32,254.32,61.20
1623.wav,0,0.02,0.98,254.32,254.32,254.32,59.51
1624.wav,0,0.02,0.98,254.32,254.32,254.32,58.41
1625.wav,0,0.02,1.00,254.32,254.32,254.32,58.41
1626.wav,0,0.02,0.98,254.32,254.32,254.32,59.94
1627.wav,0,0.02,0.98,254.32,254.32,254.32,58.23
1628.wav,0,0.02,0.98,254.32,254.32,254.32,58.17
1629.wav,0,0.02,0.98,254.32,254.32,254.32,58.66
1630.wav,0,0.02,0.98,254.32,254.32,254.32,58.51
1631.wav,0,0.02,0.98,254.32,254.32,254.32,59.24
1632.wav,0,0.02,0.98,254.32,254.32,254.32,58.56
1633.wav,0,0.02,0.98,254.32,254.32,254.32,59.01
1634.wav,1,0.00,0.79,372.51,372.51,372.51,60.00
1635.wav,0,0.00,1.00,2126.83,2126.83,2126.83,69.11
1636.wav,0,0.00,1.00,2126.83,2126.83,2126.83,69.02
1637.wav,0,0.00,0.37,2126.83,2126.83,2126.83,66.66
1645.wav,1,0.02,0.28,77.03,77.03,77.03,70.10
1649.wav,0,0.12,0.91,254.32,254.32,254.32,51.72
1650.wav,0,0.12,0.56,254.32,254.32,254.32,50.93
1651.wav,0,0.05,0.81,136.12,136.12,136.12,62.13
1652.wav,1,0.02,0.98,254.32,254.32,254.32,56.16
1653.wav,0,0.00,0.88,136.12,136.12,136.12,58.71
1654.wav,0,0.02,0.88,136.12,136.12,136.12,58.07
1655.wav,0,0.02,0.95,136.12,136.12,136.12,57.12
1656.wav,0,0.05,0.95,136.12,136.12,136.12,55.51
1657.wav,1,0.02,0.60,254.32,254.32,254.32,52.83
1658.wav,0,0.02,0.93,136.12,136.12,136.12,53.91
1659.wav,0,0.07,0.98,136.12,136.12,136.12,56.41
1660.wav,1,0.02,0.98,254.32,254.32,254.32,58.22
1661.wav,1,0.00,1.00,254.32,254.32,254.32,67.65
1662.wav,0,0.00,1.00,136.12,136.12,136.12,65.07
1663.wav,0,0.00,1.00,136.12,136.12,136.12,66.10
1664.wav,0,0.00,0.98,136.12,136.12,136.12,65.71
1665.wav,1,0.00,1.00,254.32,254.32,254.32,68.73
1666.wav,2,0.00,1.00,239.54,239.54,239.54,52.47
1667.wav,9,0.00,1.00,254.32,254.32,254.32,72.19
1668.wav,14,0.00,0.98,254.32,254.32,254.32,87.42
1669.wav,1,0.02,1.00,254.32,254.32,254.32,63.68
1670.wav,0,0.02,0.98,136.12,136.12,136.12,61.48
1671.wav,0,0.02,0.98,136.12,136.12,136.12,60.13
1672.wav,0,0.02,0.98,136.12,136.12,136.12,63.64
1673.wav,0,0.02,0.98,136.12,136.12,136.12,62.23
1674.wav,0,0.00,0.98,136.12,136.12,136.12,61.10
1675.wav,0,0.02,0.98,136.12,136.12,136.12,60.25
1676.wav,0,0.02,1.00,136.12,136.12,136.12,60.53
1677.wav,0,0.02,0.98,136.12,136.12,136.12,61.65
1678.wav,1,0.00,0.98,254.32,254.32,254.32,62.14
1679.wav,0,0.02,0.98,136.12,136.12,136.12,60.16
1680.wav,0,0.02,0.98,136.12,136.12,136.12,61.00
1681.wav,1,0.02,0.98,254.32,254.32,254.32,61.59
1682.wav,0,0.02,0.95,136.12,136.12,136.12,59.43
1683.wav,0,0.02,0.98,136.12,136.12,136.12,58.56
1684.wav,1,0.02,0.98,254.32,254.32,254.32,61.54
1685.wav,0,0.02,0.98,136.12,136.12,136.12,57.20
1686.wav,0,0.05,0.93,136.12,136.12,136.12,57.64
1687.wav,1,0.02,1.00,254.32,254.32,254.32,59.45
1688.wav,0,0.02,0.95,136.12,136.12,136.12,56.93
1689.wav,1,0.02,1.00,254.32,254.32,254.32,59.22
1690.wav,1,0.00,1.00,254.32,254.32,254.32,60.21
1691.wav,0,0.02,0.98,136.12,136.12,136.12,58.05
1692.wav,0,0.02,0.98,136.12,136.12,136.12,56.49
1693.wav,1,0.00,0.98,254.32,254.32,254.32,61.23
1694.wav,0,0.02,0.91,136.12,136.12,136.12,58.79
1695.wav,0,0.05,0.98,136.12,136.12,136.12,57.04
1696.wav,1,0.00,0.98,254.32,254.32,254.32,62.76
1697.wav,1,0.02,0.98,254.32,254.32,254.32,62.07
1698.wav,1,0.00,0.98,254.32,254.32,254.32,62.59
1699.wav,1,0.00,0.98,254.32,254.32,254.32,62.82
1700.wav,0,0.02,0.98,136.12,136.12,136.12,56.52
1701.wav,1,0.02,0.98,254.32,254.32,254.32,60.88
1702.wav,0,0.77,0.98,254.32,254.32,254.32,57.53
1703.wav,0,0.02,0.98,254.32,254.32,254.32,60.12
1704.wav,0,0.02,0.81,254.32,254.32,254.32,57.94
1705.wav,0,0.02,0.21,2840.92,2840.92,2840.92,55.66
1706.wav,0,0.02,0.98,254.32,254.32,254.32,58.07
1707.wav,0,0.02,0.93,136.12,136.12,136.12,54.88
1708.wav,0,0.02,0.44,254.32,254.32,254.32,59.80
1708.wav,2,0.46,0.86,2840.92,2840.92,2840.92,60.00
1709.wav,0,0.79,0.98,254.32,254.32,254.32,54.07
1710.wav,1,0.02,0.98,254.32,254.32,254.32,56.30
1711.wav,0,0.05,0.70,136.12,136.12,136.12,54.61
1712.wav,0,0.02,0.95,254.32,254.32,254.32,57.27
1713.wav,0,0.00,0.72,2840.92,2840.92,2840.92,60.51
1714.wav,0,0.72,0.84,209.99,209.99,209.99,56.81
1720.wav,0,0.44,0.81,4033.21,4033.21,4033.21,62.13
1735.wav,0,0.02,0.74,62.25,62.25,62.25,62.08
1736.wav,1,0.02,0.79,62.25,62.25,62.25,82.64
1737.wav,0,0.14,0.23,342.96,342.96,342.96,76.07
1738.wav,0,0.00,0.98,62.25,62.25,62.25,61.17
1739.wav,1,0.00,0.79,77.03,77.03,77.03,64.23
1741.wav,0,0.14,0.98,77.03,77.03,77.03,59.34
1742.wav,0,0.05,0.33,62.25,62.25,62.25,56.74
1743.wav,5,0.07,0.93,150.90,150.90,150.90,67.24
1744.wav,6,0.00,0.19,254.32,254.32,254.32,65.50
1744.wav,3,0.30,0.39,209.99,209.99,209.99,53.50
1744.wav,0,0.88,1.00,77.03,77.03,77.03,60.10
1745.wav,1,0.02,0.95,77.03,77.03,77.03,61.53
1748.wav,1,0.60,0.72,91.80,91.80,91.80,58.45
1749.wav,1,0.00,0.65,62.25,62.25,62.25,86.21
1750.wav,0,0.21,0.35,91.80,91.80,91.80,61.53
1754.wav,0,0.14,0.30,1521.10,1521.10,1521.10,82.86
1756.wav,14,0.07,0.86,254.32,254.32,254.32,95.50
1761.wav,1,0.63,0.93,91.80,91.80,91.80,70.35
1762.wav,3,0.02,0.70,91.80,91.80,91.80,96.62
1766.wav,2,0.00,0.09,535.03,535.03,535.03,59.44
1768.wav,0,0.09,0.21,77.03,77.03,77.03,57.18
1768.wav,1,0.42,0.91,357.74,357.74,357.74,65.60
1770.wav,0,0.39,0.49,549.80,549.80,549.80,59.09
1771.wav,6,0.35,0.46,416.84,416.84,416.84,73.44
1779.wav,0,0.49,0.58,431.61,431.61,431.61,72.77
1780.wav,0,0.12,0.23,431.61,431.61,431.61,63.20
1781.wav,1,0.53,0.77,461.16,461.16,461.16,58.21
1785.wav,0,0.14,0.67,328.19,328.19,328.19,55.90
1786.wav,0,0.33,0.79,298.64,298.64,298.64,65.59
1787.wav,0,0.28,0.42,224.77,224.77,224.77,84.11
1788.wav,0,0.02,0.14,357.74,357.74,357.74,73.15
1796.wav,1,0.60,0.93,313.41,313.41,313.41,62.18
1797.wav,0,0.42,0.81,298.64,298.64,298.64,55.18
1798.wav,0,0.33,0.46,461.16,461.16,461.16,61.97
1802.wav,0,0.79,0.88,461.16,461.16,461.16,56.25
1805.wav,3,0.58,1.00,91.80,91.80,91.80,110.42
1806.wav,0,0.00,0.12,62.25,62.25,62.25,77.60
182.wav,0,0.58,0.98,121.35,121.35,121.35,63.20
1828.wav,1,0.09,0.49,77.03,77.03,77.03,63.08
1829.wav,4,0.21,0.98,1138.76,1138.76,1138.76,59.78
183.wav,2,0.00,1.00,106.57,106.57,106.57,73.77
1830.wav,1,0.00,0.46,549.80,549.80,549.80,76.62
1832.wav,5,0.33,1.00,136.12,136.12,136.12,84.28
1833.wav,2,0.00,0.37,136.12,136.12,136.12,59.91
1835.wav,1,0.23,0.74,91.80,91.80,91.80,58.50
1837.wav,17,0.05,0.44,313.41,313.41,313.41,89.36
1838.wav,11,0.05,0.30,224.77,224.77,224.77,76.04
184.wav,5,0.00,0.95,136.12,136.12,136.12,73.91
1841.wav,0,0.74,1.00,136.12,136.12,136.12,88.03
1842.wav,0,0.00,0.98,136.12,136.12,136.12,80.98
1843.wav,3,0.00,1.00,180.45,180.45,180.45,103.72
1844.wav,3,0.00,1.00,136.12,136.12,136.12,86.75
1845.wav,2,0.00,0.70,121.35,121.35,121.35,60.40
1846.wav,0,0.00,1.00,136.12,136.12,136.12,85.05
1847.wav,0,0.00,0.72,136.12,136.12,136.12,75.59
1848.wav,2,0.00,1.00,165.67,165.67,165.67,105.64
1849.wav,6,0.00,1.00,136.12,136.12,136.12,76.50
185.wav,1,0.00,1.00,77.03,77.03,77.03,70.62
1850.wav,0,0.00,1.00,136.12,136.12,136.12,67.74
1851.wav,3,0.00,1.00,180.45,180.45,180.45,84.87
1852.wav,1,0.00,1.00,136.12,136.12,136.12,61.48
1853.wav,0,0.00,0.98,136.12,136.12,136.12,97.02
1854.wav,0,0.00,1.00,136.12,136.12,136.12,88.56
1855.wav,0,0.00,1.00,136.12,136.12,136.12,83.49
1856.wav,0,0.00,0.98,136.12,136.12,136.12,81.03
1857.wav,1,0.00,1.00,150.90,150.90,150.90,97.72
1858.wav,0,0.00,0.79,91.80,91.80,91.80,58.34
1859.wav,0,0.00,0.79,136.12,136.12,136.12,70.73
186.wav,2,0.02,1.00,91.80,91.80,91.80,87.97
1860.wav,2,0.02,1.00,165.67,165.67,165.67,104.53
1861.wav,1,0.00,1.00,150.90,150.90,150.90,89.05
1862.wav,0,0.00,1.00,136.12,136.12,136.12,72.18
1863.wav,0,0.00,1.00,136.12,136.12,136.12,66.18
1864.wav,3,0.00,1.00,165.67,165.67,165.67,81.83
1865.wav,0,0.00,1.00,136.12,136.12,136.12,78.92
1866.wav,0,0.00,1.00,150.90,150.90,150.90,72.70
1867.wav,3,0.00,0.70,254.32,254.32,254.32,80.63
1868.wav,15,0.12,0.81,387.29,387.29,387.29,104.68
1869.wav,2,0.00,1.00,254.32,254.32,254.32,86.01
187.wav,0,0.00,0.30,62.25,62.25,62.25,69.61
1870.wav,3,0.00,0.91,254.32,254.32,254.32,91.83
1871.wav,11,0.00,1.00,342.96,342.96,342.96,64.62
1872.wav,6,0.00,1.00,254.32,254.32,254.32,94.32
1873.wav,3,0.00,0.74,254.32,254.32,254.32,93.29
1874.wav,10,0.00,0.79,328.19,328.19,328.19,80.65
1875.wav,22,0.00,1.00,505.48,505.48,505.48,78.20
1876.wav,1,0.00,0.67,254.32,254.32,254.32,91.73
1878.wav,0,0.07,0.93,150.90,150.90,150.90,63.59
1879.wav,0,0.00,0.49,180.45,180.45,180.45,56.98
188.wav,2,0.70,0.88,91.80,91.80,91.80,104.12
1880.wav,9,0.26,1.00,254.32,254.32,254.32,83.70
1881.wav,0,0.00,1.00,136.12,136.12,136.12,76.27
1882.wav,0,0.00,0.88,150.90,150.90,150.90,64.40
1883.wav,0,0.02,0.49,150.90,150.90,150.90,57.24
1883.wav,19,0.51,0.84,564.58,564.58,564.58,54.55
1884.wav,44,0.00,0.72,1008.08,1008.08,1008.08,91.65
1885.wav,20,0.00,0.70,682.77,682.77,682.77,64.03
1886.wav,35,0.02,0.37,727.10,727.10,727.10,59.73
1886.wav,11,0.58,0.98,313.41,313.41,313.41,78.96
1887.wav,0,0.00,0.86,165.67,165.67,165.67,67.43
1890.wav,14,0.09,0.91,402.06,402.06,402.06,80.63
1891.wav,15,0.00,0.70,461.16,461.16,461.16,61.57
1892.wav,17,0.09,0.93,490.71,490.71,490.71,71.87
1893.wav,9,0.00,0.63,505.48,505.48,505.48,60.65
1894.wav,8,0.07,0.84,239.54,239.54,239.54,76.07
1895.wav,25,0.00,1.00,520.26,520.26,520.26,100.31
1896.wav,2,0.00,1.00,180.45,180.45,180.45,75.32
1897.wav,1,0.00,1.00,150.90,150.90,150.90,93.81
1898.wav,0,0.00,1.00,121.35,121.35,121.35,68.49
1899.wav,0,0.00,0.98,136.12,136.12,136.12,85.83
1900.wav,0,0.05,0.42,136.12,136.12,136.12,61.02
1900.wav,19,0.79,1.00,505.48,505.48,505.48,75.30
1901.wav,2,0.00,0.98,254.32,254.32,254.32,79.31
1902.wav,10,0.00,0.84,283.87,283.87,283.87,63.21
1903.wav,0,0.00,0.67,165.67,165.67,165.67,71.63
1904.wav,16,0.00,1.00,372.51,372.51,372.51,82.01
1905.wav,1,0.00,1.00,136.12,136.12,136.12,91.10
1906.wav,0,0.00,0.88,121.35,121.35,121.35,68.85
1907.wav,0,0.00,0.63,136.12,136.12,136.12,64.75
1907.wav,35,0.81,0.91,860.06,860.06,860.06,58.60
1908.wav,0,0.00,1.00,195.22,195.22,195.22,72.47
1909.wav,2,0.00,0.58,209.99,209.99,209.99,74.34
1910.wav,31,0.00,0.65,727.10,727.10,727.10,60.51
1911.wav,3,0.00,1.00,209.99,209.99,209.99,89.32
1912.wav,1,0.00,0.77,180.45,180.45,180.45,79.13
1913.wav,5,0.00,0.98,387.29,387.29,387.29,74.83
1914.wav,7,0.02,0.88,387.29,387.29,387.29,74.35
1915.wav,4,0.00,0.46,712.32,712.32,712.32,69.38
1915.wav,18,0.74,0.93,978.26,978.26,978.26,66.47
1916.wav,15,0.00,0.46,963.48,963.48,963.48,64.12
1916.wav,2,0.49,0.98,239.54,239.54,239.54,98.00
1917.wav,10,0.12,0.84,579.35,579.35,579.35,99.96
1918.wav,0,0.00,1.00,195.22,195.22,195.22,62.31
1919.wav,0,0.00,0.33,209.99,209.99,209.99,76.44
1920.wav,0,0.00,0.65,150.90,150.90,150.90,56.74
1921.wav,3,0.00,1.00,239.54,239.54,239.54,78.94
1922.wav,0,0.00,0.91,239.54,239.54,239.54,74.21
1923.wav,3,0.00,0.84,490.71,490.71,490.71,65.79
1924.wav,16,0.00,0.53,727.10,727.10,727.10,102.37
1925.wav,2,0.00,0.74,239.54,239.54,239.54,56.91
1926.wav,18,0.00,0.84,712.32,712.32,712.32,67.07
1927.wav,0,0.00,1.00,136.12,136.12,136.12,78.73
1928.wav,0,0.00,0.51,136.12,136.12,136.12,67.26
1928.wav,27,0.65,0.86,963.48,963.48,963.48,55.10
1929.wav,5,0.00,1.00,165.67,165.67,165.67,101.45
1930.wav,0,0.00,0.44,77.03,77.03,77.03,60.39
1930.wav,30,0.49,1.00,697.55,697.55,697.55,55.81
1931.wav,3,0.00,1.00,165.67,165.67,165.67,93.67
1932.wav,0,0.00,0.53,136.12,136.12,136.12,61.41
1933.wav,0,0.00,0.46,195.22,195.22,195.22,75.01
1935.wav,10,0.35,0.60,298.64,298.64,298.64,65.13
1936.wav,21,0.00,1.00,505.48,505.48,505.48,76.97
1937.wav,2,0.00,0.79,254.32,254.32,254.32,80.72
1938.wav,13,0.00,0.72,520.26,520.26,520.26,79.36
1939.wav,3,0.00,1.00,298.64,298.64,298.64,80.19
1940.wav,1,0.00,0.84,254.32,254.32,254.32,75.33
1941.wav,26,0.00,1.00,520.26,520.26,520.26,105.24
1942.wav,0,0.00,0.72,254.32,254.32,254.32,69.26
1943.wav,1,0.00,0.98,180.45,180.45,180.45,70.10
1944.wav,17,0.00,0.86,446.38,446.38,446.38,63.79
1945.wav,2,0.00,0.93,239.54,239.54,239.54,59.60
1946.wav,25,0.00,0.81,623.68,623.68,623.68,79.64
1947.wav,18,0.00,0.81,446.38,446.38,446.38,107.59
1948.wav,2,0.02,0.81,195.22,195.22,195.22,87.91
1949.wav,4,0.00,0.60,357.74,357.74,357.74,59.84
1949.wav,14,0.79,1.00,505.48,505.48,505.48,94.16
1950.wav,6,0.00,0.91,475.93,475.93,475.93,80.90
1951.wav,20,0.00,0.63,623.68,623.68,623.68,88.78
1952.wav,1,0.05,0.16,239.54,239.54,239.54,73.74
1953.wav,4,0.00,0.65,372.51,372.51,372.51,66.32
1955.wav,2,0.00,0.91,165.67,165.67,165.67,72.67
1956.wav,4,0.00,0.84,209.99,209.99,209.99,104.57
1957.wav,0,0.00,0.74,136.12,136.12,136.12,57.94
1958.wav,0,0.02,0.77,150.90,150.90,150.90,58.90
1959.wav,2,0.00,1.00,180.45,180.45,180.45,76.50
196.wav,1,0.19,0.37,91.80,91.80,91.80,75.55
1960.wav,4,0.00,1.00,209.99,209.99,209.99,105.52
1961.wav,1,0.00,0.93,165.67,165.67,165.67,56.21
1962.wav,32,0.00,0.14,1121.54,1121.54,1121.54,58.13
1962.wav,29,0.19,0.37,948.71,948.71,948.71,64.69
1962.wav,22,0.46,0.58,727.10,727.10,727.10,77.24
1963.wav,3,0.00,0.93,195.22,195.22,195.22,96.13
1964.wav,1,0.00,0.86,150.90,150.90,150.90,69.76
1965.wav,13,0.05,0.42,1138.76,1138.76,1138.76,74.91
1965.wav,0,0.86,1.00,195.22,195.22,195.22,78.84
1966.wav,0,0.00,1.00,180.45,180.45,180.45,56.91
1967.wav,5,0.00,0.88,209.99,209.99,209.99,99.76
1968.wav,0,0.05,0.65,209.99,209.99,209.99,62.17
1968.wav,11,0.67,0.84,564.58,564.58,564.58,59.45
1969.wav,7,0.00,0.81,283.87,283.87,283.87,67.34
1970.wav,11,0.00,0.58,387.29,387.29,387.29,67.23
1971.wav,24,0.00,0.72,549.80,549.80,549.80,69.02
1972.wav,0,0.00,1.00,136.12,136.12,136.12,69.38
1973.wav,0,0.00,0.42,136.12,136.12,136.12,61.83
1973.wav,29,0.63,1.00,697.55,697.55,697.55,87.14
1974.wav,26,0.00,0.70,623.68,623.68,623.68,70.73
1974.wav,32,0.74,0.84,874.84,874.84,874.84,52.41
1975.wav,0,0.00,1.00,136.12,136.12,136.12,73.93
1976.wav,0,0.00,0.79,136.12,136.12,136.12,60.79
1977.wav,16,0.02,0.58,387.29,387.29,387.29,61.67
1978.wav,2,0.00,0.98,165.67,165.67,165.67,74.39
1979.wav,0,0.00,0.77,136.12,136.12,136.12,73.71
1980.wav,21,0.00,0.93,623.68,623.68,623.68,80.84
1981.wav,4,0.00,0.98,195.22,195.22,195.22,92.66
1982.wav,1,0.00,0.72,136.12,136.12,136.12,89.53
1983.wav,0,0.00,1.00,136.12,136.12,136.12,91.43
1984.wav,0,0.00,0.79,136.12,136.12,136.12,72.74
1985.wav,5,0.00,1.00,209.99,209.99,209.99,69.71
1986.wav,0,0.00,1.00,91.80,91.80,91.80,58.26
1987.wav,0,0.00,1.00,121.35,121.35,121.35,62.46
1988.wav,0,0.00,0.91,136.12,136.12,136.12,84.45
1989.wav,1,0.00,1.00,150.90,150.90,150.90,86.25
1990.wav,0,0.00,0.23,136.12,136.12,136.12,57.62
1992.wav,2,0.07,0.70,91.80,91.80,91.80,74.92
1993.wav,4,0.14,0.72,254.32,254.32,254.32,60.83
1994.wav,0,0.19,0.77,62.25,62.25,62.25,68.61
1995.wav,2,0.00,0.53,77.03,77.03,77.03,92.87
1997.wav,13,0.72,0.98,756.64,756.64,756.64,94.72
1998.wav,0,0.00,0.86,136.12,136.12,136.12,79.00
1999.wav,3,0.00,1.00,165.67,165.67,165.67,99.48
2000.wav,0,0.00,0.88,91.80,91.80,91.80,59.76
2001.wav,0,0.00,0.91,136.12,136.12,136.12,84.11
2002.wav,1,0.00,0.93,150.90,150.90,150.90,78.89
2003.wav,0,0.00,0.88,150.90,150.90,150.90,58.70
2004.wav,15,0.09,0.74,431.61,431.61,431.61,108.82
2005.wav,3,0.00,0.93,254.32,254.32,254.32,92.71
2006.wav,5,0.00,1.00,269.09,269.09,269.09,100.24
2007.wav,2,0.00,1.00,254.32,254.32,254.32,92.05
2008.wav,6,0.00,0.88,239.54,239.54,239.54,73.82
2009.wav,0,0.00,1.00,136.12,136.12,136.12,82.90
2010.wav,0,0.00,0.53,136.12,136.12,136.12,67.42
2010.wav,39,0.79,0.88,874.84,874.84,874.84,60.92
2011.wav,1,0.00,1.00,165.67,165.67,165.67,64.75
2012.wav,0,0.00,1.00,150.90,150.90,150.90,68.27
2013.wav,2,0.00,0.79,224.77,224.77,224.77,62.42
2014.wav,24,0.00,1.00,505.48,505.48,505.48,84.77
2015.wav,1,0.00,1.00,150.90,150.90,150.90,90.77
2022.wav,2,0.07,0.95,91.80,91.80,91.80,95.14
2023.wav,3,0.05,0.84,461.16,461.16,461.16,56.51
2024.wav,0,0.07,0.19,372.51,372.51,372.51,60.69
2031.wav,3,0.02,0.70,357.74,357.74,357.74,63.58
2037.wav,1,0.23,0.98,136.12,136.12,136.12,101.79
2038.wav,4,0.00,1.00,180.45,180.45,180.45,100.97
2039.wav,0,0.00,1.00,121.35,121.35,121.35,73.26
2040.wav,0,0.00,0.30,121.35,121.35,121.35,67.40
2041.wav,0,0.07,0.72,136.12,136.12,136.12,70.80
2042.wav,0,0.00,0.91,136.12,136.12,136.12,77.99
2043.wav,1,0.02,0.95,150.90,150.90,150.90,72.12
2044.wav,6,0.00,0.72,209.99,209.99,209.99,80.36
2044.wav,36,0.74,0.95,1228.91,1228.91,1228.91,52.49
2045.wav,0,0.00,0.37,121.35,121.35,121.35,78.12
2045.wav,29,0.74,0.86,638.45,638.45,638.45,84.22
2046.wav,2,0.00,1.00,150.90,150.90,150.90,82.99
2047.wav,0,0.00,0.51,121.35,121.35,121.35,71.61
2048.wav,17,0.00,1.00,372.51,372.51,372.51,79.74
2049.wav,2,0.00,1.00,136.12,136.12,136.12,86.33
205.wav,0,0.51,0.86,106.57,106.57,106.57,65.93
2050.wav,0,0.00,0.39,121.35,121.35,121.35,71.06
2051.wav,2,0.02,1.00,165.67,165.67,165.67,102.69
2052.wav,0,0.00,0.60,136.12,136.12,136.12,70.92
2053.wav,0,0.00,0.14,224.77,224.77,224.77,63.97
2054.wav,17,0.51,1.00,387.29,387.29,387.29,86.99
2055.wav,0,0.00,0.19,121.35,121.35,121.35,64.74
2056.wav,0,0.07,1.00,136.12,136.12,136.12,64.43
2057.wav,3,0.00,1.00,180.45,180.45,180.45,82.01
2058.wav,1,0.00,0.95,136.12,136.12,136.12,92.06
2059.wav,3,0.02,0.88,150.90,150.90,150.90,77.23
2060.wav,2,0.00,0.98,180.45,180.45,180.45,104.15
2061.wav,3,0.02,1.00,180.45,180.45,180.45,87.76
2062.wav,0,0.00,0.88,150.90,150.90,150.90,71.93
2063.wav,34,0.02,1.00,653.22,653.22,653.22,94.57
2064.wav,6,0.00,1.00,224.77,224.77,224.77,78.12
2065.wav,4,0.00,0.84,195.22,195.22,195.22,97.12
2066.wav,34,0.00,1.00,638.45,638.45,638.45,93.62
2067.wav,5,0.00,1.00,209.99,209.99,209.99,64.77
2068.wav,0,0.00,1.00,136.12,136.12,136.12,74.54
2069.wav,1,0.00,0.95,150.90,150.90,150.90,68.07
207.wav,3,0.49,0.98,136.12,136.12,136.12,65.79
2070.wav,2,0.00,0.98,224.77,224.77,224.77,76.27
2071.wav,6,0.00,1.00,224.77,224.77,224.77,86.48
2072.wav,0,0.00,0.98,136.12,136.12,136.12,76.65
2073.wav,4,0.00,0.98,165.67,165.67,165.67,73.71
2074.wav,3,0.00,0.67,180.45,180.45,180.45,78.67
2075.wav,15,0.00,0.95,387.29,387.29,387.29,71.10
2076.wav,0,0.00,0.72,136.12,136.12,136.12,58.41
2076.wav,33,0.74,0.93,1008.08,1008.08,1008.08,56.75
2077.wav,0,0.00,0.79,136.12,136.12,136.12,55.47
2078.wav,0,0.00,0.14,254.32,254.32,254.32,98.50
208.wav,1,0.00,0.98,91.80,91.80,91.80,71.58
2083.wav,0,0.19,0.28,150.90,150.90,150.90,72.84
2084.wav,2,0.00,0.98,165.67,165.67,165.67,63.84
2085.wav,2,0.02,1.00,165.67,165.67,165.67,104.95
2086.wav,0,0.00,1.00,136.12,136.12,136.12,77.83
2087.wav,0,0.00,0.77,136.12,136.12,136.12,74.26
2087.wav,33,0.79,0.91,771.42,771.42,771.42,75.13
2088.wav,4,0.00,0.72,254.32,254.32,254.32,85.77
2088.wav,0,0.74,1.00,136.12,136.12,136.12,66.61
2089.wav,0,0.00,1.00,136.12,136.12,136.12,57.87
209.wav,4,0.00,1.00,136.12,136.12,136.12,76.41
2090.wav,0,0.00,1.00,150.90,150.90,150.90,73.89
2091.wav,0,0.00,0.63,165.67,165.67,165.67,79.16
2091.wav,24,0.70,1.00,963.48,963.48,963.48,63.22
2092.wav,6,0.00,1.00,298.64,298.64,298.64,93.10
2093.wav,0,0.00,0.91,136.12,136.12,136.12,83.03
2094.wav,3,0.00,1.00,254.32,254.32,254.32,74.44
2095.wav,0,0.00,1.00,136.12,136.12,136.12,77.92
2096.wav,6,0.00,1.00,224.77,224.77,224.77,82.63
2097.wav,0,0.00,0.95,150.90,150.90,150.90,80.79
2098.wav,4,0.00,1.00,372.51,372.51,372.51,95.48
2099.wav,2,0.00,1.00,150.90,150.90,150.90,98.80
210.wav,2,0.00,1.00,106.57,106.57,106.57,76.88
2100.wav,14,0.00,1.00,342.96,342.96,342.96,98.02
2101.wav,0,0.00,1.00,136.12,136.12,136.12,69.39
2102.wav,0,0.00,0.28,136.12,136.12,136.12,64.49
2102.wav,5,0.44,1.00,209.99,209.99,209.99,73.60
2103.wav,1,0.00,1.00,150.90,150.90,150.90,85.63
2104.wav,0,0.00,0.95,136.12,136.12,136.12,81.03
2105.wav,4,0.00,0.60,254.32,254.32,254.32,77.20
2106.wav,0,0.00,0.86,150.90,150.90,150.90,67.09
2107.wav,2,0.00,0.65,224.77,224.77,224.77,61.27
2108.wav,5,0.00,0.88,357.74,357.74,357.74,83.34
2109.wav,4,0.00,0.42,283.87,283.87,283.87,66.16
211.wav,2,0.00,0.84,106.57,106.57,106.57,76.25
2110.wav,0,0.00,0.21,165.67,165.67,165.67,67.53
2111.wav,0,0.00,0.63,254.32,254.32,254.32,67.64
2112.wav,0,0.00,1.00,136.12,136.12,136.12,72.94
2113.wav,0,0.00,0.33,136.12,136.12,136.12,62.92
2113.wav,37,0.63,0.74,712.32,712.32,712.32,81.49
2114.wav,1,0.00,1.00,150.90,150.90,150.90,87.54
2115.wav,0,0.00,1.00,136.12,136.12,136.12,92.56
2116.wav,0,0.00,1.00,136.12,136.12,136.12,74.46
2117.wav,0,0.00,0.67,136.12,136.12,136.12,62.88
2118.wav,6,0.00,0.39,431.61,431.61,431.61,71.13
2119.wav,9,0.02,1.00,298.64,298.64,298.64,70.37
212.wav,2,0.09,1.00,121.35,121.35,121.35,66.29
2120.wav,0,0.00,0.65,165.67,165.67,165.67,84.56
2121.wav,4,0.00,0.63,313.41,313.41,313.41,54.76
2122.wav,34,0.02,0.23,727.10,727.10,727.10,56.86
2123.wav,0,0.00,1.00,136.12,136.12,136.12,85.23
2124.wav,0,0.00,0.79,136.12,136.12,136.12,68.65
2125.wav,11,0.00,0.98,298.64,298.64,298.64,80.17
2126.wav,5,0.00,0.79,224.77,224.77,224.77,70.37
2127.wav,2,0.00,1.00,165.67,165.67,165.67,76.49
2128.wav,1,0.00,1.00,150.90,150.90,150.90,74.17
2129.wav,1,0.00,1.00,121.35,121.35,121.35,78.84
213.wav,0,0.00,1.00,91.80,91.80,91.80,71.52
2130.wav,0,0.00,0.37,121.35,121.35,121.35,65.81
2130.wav,20,0.39,1.00,564.58,564.58,564.58,71.22
2131.wav,5,0.00,1.00,209.99,209.99,209.99,95.38
2132.wav,0,0.00,1.00,150.90,150.90,150.90,72.86
2133.wav,0,0.00,0.88,121.35,121.35,121.35,64.78
2134.wav,2,0.00,1.00,150.90,150.90,150.90,87.37
2135.wav,0,0.00,0.28,136.12,136.12,136.12,58.35
2135.wav,20,0.30,1.00,579.35,579.35,579.35,82.65
2136.wav,11,0.00,1.00,357.74,357.74,357.74,89.66
2137.wav,6,0.00,1.00,239.54,239.54,239.54,61.06
2138.wav,0,0.00,0.49,150.90,150.90,150.90,63.36
2139.wav,0,0.00,0.23,372.51,372.51,372.51,82.44
214.wav,0,0.02,0.53,91.80,91.80,91.80,66.98
2141.wav,1,0.16,0.98,91.80,91.80,91.80,62.57
2142.wav,0,0.39,0.86,269.09,269.09,269.09,62.32
2144.wav,0,0.09,0.70,62.25,62.25,62.25,81.92
2145.wav,9,0.05,0.98,2126.83,2126.83,2126.83,62.24
2146.wav,76,0.00,0.98,2126.83,2126.83,2126.83,62.72
2147.wav,7,0.00,0.88,1138.76,1138.76,1138.76,79.19
2148.wav,0,0.02,1.00,62.25,62.25,62.25,80.10
2149.wav,0,0.00,0.86,62.25,62.25,62.25,64.05
215.wav,0,0.72,0.95,91.80,91.80,91.80,53.96
2150.wav,1,0.02,0.95,62.25,62.25,62.25,94.01
2151.wav,1,0.12,1.00,77.03,77.03,77.03,79.20
2152.wav,4,0.00,0.84,106.57,106.57,106.57,71.33
2153.wav,1,0.05,0.46,77.03,77.03,77.03,84.59
2155.wav,1,0.60,0.88,77.03,77.03,77.03,74.55
2157.wav,0,0.58,0.72,77.03,77.03,77.03,84.34
216.wav,1,0.02,0.74,91.80,91.80,91.80,71.15
2168.wav,0,0.65,0.98,889.61,889.61,889.61,66.63
2172.wav,0,0.07,0.67,62.25,62.25,62.25,75.42
2173.wav,3,0.12,0.95,77.03,77.03,77.03,105.02
2176.wav,0,0.19,0.28,1266.93,1266.93,1266.93,58.74
2177.wav,11,0.00,0.09,1138.76,1138.76,1138.76,61.61
2177.wav,4,0.84,1.00,121.35,121.35,121.35,66.00
2178.wav,0,0.49,0.72,254.32,254.32,254.32,61.48
2179.wav,0,0.33,0.56,269.09,269.09,269.09,58.28
2180.wav,0,0.19,0.63,254.32,254.32,254.32,56.83
2182.wav,0,0.44,0.58,254.32,254.32,254.32,69.76
2184.wav,5,0.02,1.00,136.12,136.12,136.12,63.67
2190.wav,2,0.28,0.95,150.90,150.90,150.90,59.98
2193.wav,0,0.14,0.51,209.99,209.99,209.99,58.06
2196.wav,0,0.30,0.67,209.99,209.99,209.99,60.38
2198.wav,0,0.30,0.81,180.45,180.45,180.45,56.07
2203.wav,0,0.37,0.70,431.61,431.61,431.61,83.56
2204.wav,0,0.00,0.91,475.93,475.93,475.93,69.64
2208.wav,11,0.00,0.77,402.06,402.06,402.06,112.77
2209.wav,8,0.00,0.81,431.61,431.61,431.61,77.15
2210.wav,18,0.00,0.09,579.35,579.35,579.35,72.55
2211.wav,0,0.12,1.00,254.32,254.32,254.32,79.86
2212.wav,8,0.00,0.77,269.09,269.09,269.09,69.66
2213.wav,0,0.00,0.77,224.77,224.77,224.77,63.20
2214.wav,6,0.00,1.00,283.87,283.87,283.87,74.52
2215.wav,1,0.00,0.79,239.54,239.54,239.54,67.28
2216.wav,10,0.00,1.00,328.19,328.19,328.19,83.37
2217.wav,0,0.00,0.70,239.54,239.54,239.54,72.02
2218.wav,9,0.00,0.98,372.51,372.51,372.51,65.16
2219.wav,0,0.00,1.00,239.54,239.54,239.54,61.58
222.wav,0,0.07,0.53,91.80,91.80,91.80,52.75
2220.wav,4,0.00,0.67,239.54,239.54,239.54,68.95
2220.wav,28,0.72,1.00,756.64,756.64,756.64,89.17
2221.wav,0,0.00,0.98,136.12,136.12,136.12,73.20
2222.wav,7,0.00,0.65,239.54,239.54,239.54,65.20
2223.wav,0,0.00,0.26,136.12,136.12,136.12,63.81
2223.wav,23,0.33,0.65,549.80,549.80,549.80,70.02
2224.wav,5,0.00,0.56,283.87,283.87,283.87,65.13
2225.wav,0,0.00,0.42,165.67,165.67,165.67,65.76
2226.wav,12,0.00,1.00,328.19,328.19,328.19,76.24
2227.wav,0,0.00,0.35,165.67,165.67,165.67,74.35
2228.wav,0,0.53,0.63,150.90,150.90,150.90,66.20
2229.wav,0,0.00,0.42,165.67,165.67,165.67,68.77
2230.wav,0,0.00,1.00,239.54,239.54,239.54,64.95
2231.wav,1,0.00,1.00,342.96,342.96,342.96,64.94
2232.wav,1,0.00,1.00,136.12,136.12,136.12,89.99
2233.wav,0,0.00,0.81,136.12,136.12,136.12,81.42
2234.wav,0,0.00,1.00,136.12,136.12,136.12,66.78
2235.wav,0,0.00,0.79,136.12,136.12,136.12,57.65
2236.wav,6,0.00,1.00,269.09,269.09,269.09,57.31
2237.wav,1,0.00,0.79,150.90,150.90,150.90,63.53
2238.wav,7,0.00,1.00,254.32,254.32,254.32,89.87
2239.wav,2,0.00,0.91,224.77,224.77,224.77,58.24
2240.wav,12,0.05,0.53,342.96,342.96,342.96,70.45
2241.wav,0,0.00,0.86,136.12,136.12,136.12,62.59
2242.wav,3,0.00,0.91,180.45,180.45,180.45,83.03
2243.wav,0,0.00,0.98,150.90,150.90,150.90,65.08
2244.wav,0,0.00,1.00,224.77,224.77,224.77,63.91
2245.wav,3,0.00,1.00,195.22,195.22,195.22,87.26
2246.wav,0,0.00,0.60,165.67,165.67,165.67,79.66
2246.wav,25,0.67,1.00,579.35,579.35,579.35,124.14
2247.wav,0,0.00,0.98,328.19,328.19,328.19,72.53
2248.wav,18,0.00,0.30,638.45,638.45,638.45,74.55
2249.wav,0,0.00,0.58,328.19,328.19,328.19,60.90
2250.wav,4,0.00,1.00,357.74,357.74,357.74,80.58
2251.wav,2,0.00,0.84,298.64,298.64,298.64,58.34
2252.wav,8,0.00,1.00,328.19,328.19,328.19,68.15
2253.wav,0,0.00,0.79,136.12,136.12,136.12,68.97
2254.wav,11,0.00,1.00,328.19,328.19,328.19,70.06
2255.wav,2,0.00,0.09,239.54,239.54,239.54,71.57
2255.wav,12,0.12,0.58,786.19,786.19,786.19,55.53
2256.wav,0,0.23,1.00,150.90,150.90,150.90,74.02
2257.wav,0,0.00,0.09,165.67,165.67,165.67,75.57
2258.wav,3,0.00,1.00,239.54,239.54,239.54,81.43
2259.wav,3,0.00,0.16,254.32,254.32,254.32,67.27
2260.wav,10,0.00,1.00,328.19,328.19,328.19,61.51
2261.wav,0,0.00,0.98,136.12,136.12,136.12,90.55
2262.wav,13,0.00,1.00,372.51,372.51,372.51,112.24
2263.wav,0,0.00,1.00,254.32,254.32,254.32,74.14
2264.wav,1,0.00,0.93,180.45,180.45,180.45,91.61
2265.wav,5,0.00,1.00,328.19,328.19,328.19,102.90
2266.wav,9,0.00,1.00,224.77,224.77,224.77,74.18
2267.wav,0,0.00,0.30,121.35,121.35,121.35,61.67
2268.wav,1,0.00,1.00,180.45,180.45,180.45,94.45
2269.wav,0,0.00,1.00,150.90,150.90,150.90,60.70
2270.wav,1,0.00,1.00,136.12,136.12,136.12,94.52
2272.wav,0,0.33,0.44,209.99,209.99,209.99,59.03
2273.wav,0,0.26,0.51,150.90,150.90,150.90,54.16
2275.wav,0,0.74,0.88,505.48,505.48,505.48,53.78
2276.wav,4,0.39,1.00,490.71,490.71,490.71,78.07
2277.wav,0,0.00,0.33,239.54,239.54,239.54,66.73
2278.wav,1,0.00,0.95,431.61,431.61,431.61,63.87
2279.wav,2,0.05,0.98,431.61,431.61,431.61,60.13
2280.wav,1,0.00,0.86,431.61,431.61,431.61,75.88
2281.wav,3,0.16,0.95,431.61,431.61,431.61,68.17
2282.wav,0,0.02,0.30,431.61,431.61,431.61,54.66
2284.wav,1,0.79,0.95,1641.51,1641.51,1641.51,69.48
2287.wav,19,0.07,0.84,682.77,682.77,682.77,65.24
2288.wav,5,0.05,0.14,461.16,461.16,461.16,75.67
2288.wav,9,0.16,0.65,579.35,579.35,579.35,81.01
2288.wav,0,0.84,0.98,121.35,121.35,121.35,60.37
2289.wav,2,0.02,0.98,387.29,387.29,387.29,56.67
2290.wav,0,0.44,0.93,121.35,121.35,121.35,53.61
2292.wav,2,0.33,0.56,121.35,121.35,121.35,56.25
2294.wav,1,0.05,0.21,91.80,91.80,91.80,74.54
2295.wav,2,0.26,0.35,402.06,402.06,402.06,59.02
2295.wav,0,0.58,0.67,91.80,91.80,91.80,67.91
2296.wav,0,0.00,0.53,209.99,209.99,209.99,62.76
2297.wav,5,0.00,1.00,328.19,328.19,328.19,100.81
2298.wav,0,0.00,0.98,254.32,254.32,254.32,80.31
2299.wav,2,0.00,1.00,283.87,283.87,283.87,95.99
2300.wav,0,0.00,0.12,254.32,254.32,254.32,67.71
2301.wav,2,0.33,1.00,239.54,239.54,239.54,65.45
2302.wav,0,0.05,0.14,195.22,195.22,195.22,56.74
2304.wav,4,0.21,0.95,283.87,283.87,283.87,73.53
2305.wav,1,0.16,0.91,239.54,239.54,239.54,67.85
2306.wav,1,0.12,0.74,254.32,254.32,254.32,75.96
2309.wav,3,0.58,0.67,269.09,269.09,269.09,77.67
2309.wav,0,0.70,0.84,224.77,224.77,224.77,60.02
2316.wav,0,0.21,0.44,372.51,372.51,372.51,58.20
2318.wav,0,0.72,0.91,431.61,431.61,431.61,61.97
232.wav,2,0.02,1.00,136.12,136.12,136.12,70.84
2320.wav,2,0.81,0.98,446.38,446.38,446.38,64.31
2323.wav,1,0.02,0.21,372.51,372.51,372.51,66.68
2327.wav,0,0.67,1.00,653.22,653.22,653.22,68.55
2328.wav,0,0.00,0.56,668.00,668.00,668.00,63.50
233.wav,1,0.33,0.98,91.80,91.80,91.80,70.77
2332.wav,0,0.28,0.37,254.32,254.32,254.32,59.26
2334.wav,0,0.23,0.37,948.71,948.71,948.71,69.46
2335.wav,0,0.00,0.98,697.55,697.55,697.55,74.30
2336.wav,0,0.39,0.98,800.97,800.97,800.97,67.40
2338.wav,6,0.02,0.81,475.93,475.93,475.93,54.27
234.wav,0,0.05,0.86,77.03,77.03,77.03,66.99
2341.wav,2,0.09,0.21,653.22,653.22,653.22,67.40
2341.wav,1,0.44,0.53,416.84,416.84,416.84,77.31
2343.wav,0,0.44,0.63,342.96,342.96,342.96,61.44
2344.wav,0,0.00,0.95,668.00,668.00,668.00,59.42
2346.wav,0,0.30,0.42,342.96,342.96,342.96,63.09
2347.wav,0,0.02,0.65,357.74,357.74,357.74,69.46
2348.wav,0,0.09,0.67,342.96,342.96,342.96,54.51
2349.wav,1,0.16,0.72,357.74,357.74,357.74,70.14
235.wav,0,0.02,0.84,77.03,77.03,77.03,62.91
2350.wav,0,0.81,0.91,372.51,372.51,372.51,64.61
2351.wav,0,0.19,0.33,800.97,800.97,800.97,76.97
2352.wav,0,0.12,0.30,357.74,357.74,357.74,71.37
2353.wav,0,0.26,0.77,668.00,668.00,668.00,72.54
2358.wav,4,0.00,0.74,461.16,461.16,461.16,64.01
2359.wav,0,0.46,0.77,342.96,342.96,342.96,67.02
236.wav,4,0.00,0.95,136.12,136.12,136.12,74.28
2364.wav,1,0.14,0.93,475.93,475.93,475.93,61.94
2367.wav,1,0.05,0.16,1641.51,1641.51,1641.51,76.10
2368.wav,0,0.77,1.00,475.93,475.93,475.93,69.62
237.wav,1,0.00,1.00,91.80,91.80,91.80,66.44
2370.wav,0,0.30,0.39,668.00,668.00,668.00,67.87
2379.wav,0,0.51,0.91,446.38,446.38,446.38,64.30
238.wav,0,0.00,0.98,77.03,77.03,77.03,63.71
2383.wav,1,0.67,1.00,224.77,224.77,224.77,64.52
2384.wav,1,0.00,0.28,209.99,209.99,209.99,64.11
2386.wav,3,0.12,0.98,431.61,431.61,431.61,74.04
2387.wav,3,0.28,0.67,446.38,446.38,446.38,71.25
2389.wav,0,0.70,0.84,372.51,372.51,372.51,56.28
2394.wav,0,0.81,0.91,535.03,535.03,535.03,56.56
2398.wav,0,0.23,0.91,121.35,121.35,121.35,63.56
2404.wav,0,0.02,0.21,416.84,416.84,416.84,59.57
2408.wav,0,0.67,0.81,402.06,402.06,402.06,58.64
2418.wav,4,0.14,0.30,387.29,387.29,387.29,99.75
2418.wav,13,0.37,1.00,520.26,520.26,520.26,111.69
2419.wav,10,0.09,0.70,978.26,978.26,978.26,66.61
2420.wav,7,0.07,0.63,1039.28,1039.28,1039.28,80.70
2424.wav,4,0.21,1.00,328.19,328.19,328.19,64.53
2425.wav,4,0.00,0.12,298.64,298.64,298.64,83.23
2425.wav,0,0.16,0.28,47.48,47.48,47.48,62.00
2425.wav,13,0.84,0.98,431.61,431.61,431.61,60.59
2428.wav,0,0.60,0.79,416.84,416.84,416.84,58.37
2429.wav,0,0.09,0.23,416.84,416.84,416.84,60.16
2432.wav,0,0.37,0.46,269.09,269.09,269.09,77.04
2432.wav,5,0.49,0.60,623.68,623.68,623.68,82.04
2438.wav,0,0.51,0.60,298.64,298.64,298.64,59.03
2442.wav,0,0.51,0.81,224.77,224.77,224.77,67.97
2444.wav,0,0.56,0.88,328.19,328.19,328.19,64.31
2445.wav,3,0.02,0.63,342.96,342.96,342.96,61.12
2447.wav,3,0.02,0.93,313.41,313.41,313.41,61.23
2448.wav,0,0.00,0.46,342.96,342.96,342.96,58.80
2449.wav,0,0.00,0.63,328.19,328.19,328.19,62.68
2451.wav,0,0.02,0.19,520.26,520.26,520.26,54.14
2452.wav,0,0.35,0.91,62.25,62.25,62.25,63.99
2456.wav,4,0.21,0.63,505.48,505.48,505.48,59.82
2459.wav,5,0.19,0.91,372.51,372.51,372.51,66.22
2462.wav,2,0.12,0.98,283.87,283.87,283.87,66.79
2466.wav,0,0.30,0.60,254.32,254.32,254.32,62.89
2483.wav,0,0.49,0.63,416.84,416.84,416.84,63.49
2501.wav,0,0.30,0.60,180.45,180.45,180.45,58.63
2518.wav,0,0.23,0.74,269.09,269.09,269.09,75.81
2521.wav,0,0.00,0.21,283.87,283.87,283.87,69.93
2525.wav,3,0.49,0.95,77.03,77.03,77.03,104.62
2547.wav,1,0.35,0.81,372.51,372.51,372.51,58.38
2556.wav,0,0.46,0.72,372.51,372.51,372.51,54.92
2557.wav,0,0.19,0.33,372.51,372.51,372.51,53.40
2563.wav,0,0.05,0.95,431.61,431.61,431.61,54.45
2569.wav,0,0.58,0.72,372.51,372.51,372.51,54.12
2573.wav,1,0.14,0.86,564.58,564.58,564.58,53.71
2574.wav,2,0.12,0.21,564.58,564.58,564.58,57.87
2574.wav,3,0.28,0.74,845.29,845.29,845.29,59.89
2575.wav,0,0.81,0.91,387.29,387.29,387.29,57.84
2576.wav,1,0.49,1.00,372.51,372.51,372.51,65.74
2578.wav,0,0.63,0.98,328.19,328.19,328.19,59.62
2589.wav,1,0.67,0.81,963.48,963.48,963.48,80.44
2590.wav,0,0.26,0.84,77.03,77.03,77.03,58.01
2593.wav,5,0.60,0.95,771.42,771.42,771.42,75.21
2594.wav,0,0.02,0.12,239.54,239.54,239.54,66.90
2594.wav,24,0.33,0.95,697.55,697.55,697.55,72.64
2596.wav,0,0.35,0.49,756.64,756.64,756.64,66.39
2598.wav,16,0.00,1.00,815.74,815.74,815.74,62.67
2599.wav,0,0.00,0.14,387.29,387.29,387.29,82.10
2600.wav,17,0.05,0.98,800.97,800.97,800.97,100.46
2601.wav,0,0.00,0.12,328.19,328.19,328.19,65.45
2601.wav,3,0.14,0.28,372.51,372.51,372.51,67.44
2604.wav,1,0.42,0.74,283.87,283.87,283.87,69.50
2605.wav,0,0.53,0.86,446.38,446.38,446.38,66.35
2606.wav,0,0.33,0.81,269.09,269.09,269.09,68.59
2607.wav,2,0.30,0.46,505.48,505.48,505.48,82.34
2607.wav,1,0.49,0.58,461.16,461.16,461.16,75.61
2609.wav,0,0.12,1.00,298.64,298.64,298.64,71.79
2610.wav,0,0.00,0.30,357.74,357.74,357.74,71.57
2613.wav,1,0.21,0.44,653.22,653.22,653.22,64.79
2618.wav,0,0.67,0.79,283.87,283.87,283.87,69.72
2619.wav,4,0.33,0.65,1174.00,1174.00,1174.00,73.77
2620.wav,0,0.77,0.86,549.80,549.80,549.80,77.70
2620.wav,8,0.88,1.00,712.32,712.32,712.32,94.94
2621.wav,2,0.02,1.00,461.16,461.16,461.16,77.66
2622.wav,4,0.00,0.26,431.61,431.61,431.61,68.84
2625.wav,1,0.46,1.00,342.96,342.96,342.96,66.59
2626.wav,0,0.00,0.51,328.19,328.19,328.19,68.96
2627.wav,1,0.12,0.46,328.19,328.19,328.19,61.64
2629.wav,0,0.39,0.49,860.06,860.06,860.06,57.31
2630.wav,0,0.19,0.30,269.09,269.09,269.09,65.46
2651.wav,0,0.19,0.67,62.25,62.25,62.25,65.78
2652.wav,2,0.23,0.88,77.03,77.03,77.03,73.62
2653.wav,1,0.21,0.88,62.25,62.25,62.25,75.35
2654.wav,0,0.63,1.00,62.25,62.25,62.25,74.93
2655.wav,0,0.00,1.00,62.25,62.25,62.25,67.07
2656.wav,0,0.00,1.00,47.48,47.48,47.48,77.55
2657.wav,0,0.00,0.98,47.48,47.48,47.48,70.76
2658.wav,2,0.09,0.98,77.03,77.03,77.03,77.74
2661.wav,0,0.02,0.95,62.25,62.25,62.25,77.00
2663.wav,0,0.16,0.26,77.03,77.03,77.03,73.36
2665.wav,1,0.12,0.95,77.03,77.03,77.03,59.79
2666.wav,2,0.23,0.72,77.03,77.03,77.03,97.28
2667.wav,0,0.65,0.74,62.25,62.25,62.25,74.01
2668.wav,1,0.07,1.00,62.25,62.25,62.25,85.94
2670.wav,1,0.14,0.65,62.25,62.25,62.25,88.64
2673.wav,0,0.33,0.46,62.25,62.25,62.25,94.18
2674.wav,0,0.79,1.00,77.03,77.03,77.03,58.37
2675.wav,0,0.37,0.63,62.25,62.25,62.25,66.95
2679.wav,0,0.21,0.98,62.25,62.25,62.25,74.75
2681.wav,0,0.42,0.84,62.25,62.25,62.25,76.18
2683.wav,0,0.21,0.30,77.03,77.03,77.03,72.48
2684.wav,1,0.12,0.39,77.03,77.03,77.03,78.08
2686.wav,0,0.28,0.39,62.25,62.25,62.25,59.81
2687.wav,0,0.56,0.65,62.25,62.25,62.25,61.59
2688.wav,1,0.21,0.56,62.25,62.25,62.25,81.14
2689.wav,2,0.00,1.00,77.03,77.03,77.03,87.89
2691.wav,0,0.23,0.63,47.48,47.48,47.48,62.41
2693.wav,0,0.07,0.84,62.25,62.25,62.25,71.20
2695.wav,0,0.00,0.95,62.25,62.25,62.25,67.92
2697.wav,1,0.16,0.95,77.03,77.03,77.03,65.23
2698.wav,0,0.12,0.74,62.25,62.25,62.25,63.72
2700.wav,0,0.23,0.81,47.48,47.48,47.48,61.53
2701.wav,0,0.23,0.42,62.25,62.25,62.25,85.21
2702.wav,1,0.70,0.91,62.25,62.25,62.25,76.28
2703.wav,0,0.19,0.77,62.25,62.25,62.25,59.16
2704.wav,2,0.19,0.81,77.03,77.03,77.03,78.44
2705.wav,0,0.28,0.79,62.25,62.25,62.25,65.00
2706.wav,0,0.12,0.65,62.25,62.25,62.25,70.79
2708.wav,0,0.72,0.81,77.03,77.03,77.03,67.22
2709.wav,1,0.21,0.77,62.25,62.25,62.25,71.04
2712.wav,0,0.58,0.86,62.25,62.25,62.25,74.64
2714.wav,0,0.30,0.42,62.25,62.25,62.25,73.29
2717.wav,8,0.16,0.65,180.45,180.45,180.45,74.30
2725.wav,0,0.60,1.00,328.19,328.19,328.19,58.36
2733.wav,1,0.02,0.16,313.41,313.41,313.41,84.77
2747.wav,0,0.21,0.81,372.51,372.51,372.51,52.41
2749.wav,1,0.37,0.88,328.19,328.19,328.19,60.70
2796.wav,6,0.33,0.42,564.58,564.58,564.58,63.20
2799.wav,5,0.30,0.84,313.41,313.41,313.41,59.41
368.wav,0,0.70,0.84,2840.92,2840.92,2840.92,57.07
474.wav,5,0.37,0.74,328.19,328.19,328.19,74.35
476.wav,11,0.44,0.63,298.64,298.64,298.64,75.88
480.wav,1,0.56,0.84,461.16,461.16,461.16,63.48
481.wav,0,0.49,0.58,505.48,505.48,505.48,59.50
485.wav,3,0.07,0.86,402.06,402.06,402.06,72.99
488.wav,0,0.05,0.19,150.90,150.90,150.90,69.81
492.wav,2,0.14,0.77,446.38,446.38,446.38,67.68
499.wav,21,0.05,0.60,416.84,416.84,416.84,71.17
503.wav,5,0.58,0.77,298.64,298.64,298.64,76.02
505.wav,6,0.07,0.19,239.54,239.54,239.54,84.42
508.wav,0,0.56,0.84,461.16,461.16,461.16,56.84
518.wav,6,0.23,0.42,254.32,254.32,254.32,79.36
559.wav,0,0.84,0.93,106.57,106.57,106.57,83.69
638.wav,4,0.21,0.95,830.52,830.52,830.52,80.14
639.wav,3,0.00,0.95,771.42,771.42,771.42,63.42
640.wav,0,0.00,1.00,269.09,269.09,269.09,61.43
641.wav,4,0.00,0.86,815.74,815.74,815.74,61.75
642.wav,10,0.00,1.00,904.39,904.39,904.39,80.25
643.wav,0,0.00,1.00,269.09,269.09,269.09,60.00
644.wav,0,0.00,1.00,269.09,269.09,269.09,59.72
645.wav,2,0.00,0.19,800.97,800.97,800.97,58.83
645.wav,21,0.23,1.00,1286.38,1286.38,1286.38,68.16
646.wav,8,0.00,0.98,904.39,904.39,904.39,82.15
647.wav,12,0.00,1.00,860.06,860.06,860.06,76.77
648.wav,7,0.00,0.84,756.64,756.64,756.64,57.31
649.wav,7,0.00,1.00,771.42,771.42,771.42,62.58
650.wav,0,0.00,0.98,269.09,269.09,269.09,62.05
651.wav,10,0.00,1.00,904.39,904.39,904.39,85.00
652.wav,0,0.00,0.98,269.09,269.09,269.09,66.07
653.wav,21,0.00,1.00,919.16,919.16,919.16,79.66
654.wav,4,0.00,0.95,874.84,874.84,874.84,59.44
655.wav,9,0.00,1.00,889.61,889.61,889.61,80.30
656.wav,0,0.00,0.98,269.09,269.09,269.09,64.30
657.wav,9,0.00,1.00,889.61,889.61,889.61,81.82
658.wav,1,0.00,0.67,283.87,283.87,283.87,57.87
659.wav,2,0.00,0.95,800.97,800.97,800.97,56.78
660.wav,8,0.00,1.00,904.39,904.39,904.39,87.50
661.wav,0,0.00,1.00,269.09,269.09,269.09,64.81
662.wav,0,0.00,0.98,269.09,269.09,269.09,61.03
663.wav,1,0.00,1.00,269.09,269.09,269.09,66.78
664.wav,0,0.00,0.93,269.09,269.09,269.09,61.77
665.wav,0,0.00,0.30,269.09,269.09,269.09,60.32
665.wav,4,0.51,1.00,786.19,786.19,786.19,57.52
666.wav,9,0.00,0.49,874.84,874.84,874.84,61.00
666.wav,53,0.51,0.79,1970.83,1970.83,1970.83,59.72
667.wav,0,0.00,0.98,269.09,269.09,269.09,62.88
668.wav,6,0.00,1.00,904.39,904.39,904.39,73.27
669.wav,8,0.00,0.98,874.84,874.84,874.84,65.51
670.wav,0,0.00,1.00,269.09,269.09,269.09,61.98
671.wav,10,0.00,0.98,860.06,860.06,860.06,71.62
672.wav,1,0.00,1.00,283.87,283.87,283.87,66.28
673.wav,0,0.00,0.91,269.09,269.09,269.09,61.97
674.wav,8,0.00,1.00,889.61,889.61,889.61,80.88
675.wav,3,0.00,0.70,786.19,786.19,786.19,63.95
676.wav,9,0.00,1.00,933.94,933.94,933.94,81.34
677.wav,10,0.00,1.00,919.16,919.16,919.16,89.64
678.wav,0,0.00,1.00,269.09,269.09,269.09,60.73
679.wav,9,0.00,1.00,889.61,889.61,889.61,86.44
680.wav,0,0.00,1.00,269.09,269.09,269.09,63.11
681.wav,7,0.00,1.00,904.39,904.39,904.39,73.62
682.wav,0,0.00,0.98,269.09,269.09,269.09,67.62
683.wav,3,0.00,0.93,889.61,889.61,889.61,75.06
684.wav,6,0.00,1.00,889.61,889.61,889.61,74.03
685.wav,9,0.00,1.00,860.06,860.06,860.06,59.99
686.wav,7,0.00,1.00,845.29,845.29,845.29,59.35
687.wav,6,0.00,1.00,830.52,830.52,830.52,61.37
688.wav,9,0.00,1.00,889.61,889.61,889.61,72.91
689.wav,5,0.00,0.63,830.52,830.52,830.52,62.09
689.wav,59,0.67,0.98,2553.52,2553.52,2553.52,59.98
690.wav,0,0.00,0.98,269.09,269.09,269.09,61.91
691.wav,5,0.00,1.00,889.61,889.61,889.61,69.21
692.wav,11,0.00,1.00,889.61,889.61,889.61,84.96
693.wav,0,0.00,1.00,269.09,269.09,269.09,65.06
694.wav,1,0.09,1.00,77.03,77.03,77.03,74.86
695.wav,0,0.00,1.00,62.25,62.25,62.25,61.55
696.wav,1,0.00,0.98,77.03,77.03,77.03,77.29
697.wav,1,0.00,1.00,77.03,77.03,77.03,86.00
698.wav,0,0.00,0.77,62.25,62.25,62.25,65.61
699.wav,1,0.00,1.00,77.03,77.03,77.03,84.25
700.wav,0,0.00,0.93,62.25,62.25,62.25,75.28
701.wav,0,0.00,0.93,62.25,62.25,62.25,67.03
702.wav,0,0.00,0.49,62.25,62.25,62.25,79.39
703.wav,0,0.00,1.00,77.03,77.03,77.03,68.03
704.wav,0,0.00,1.00,62.25,62.25,62.25,67.09
705.wav,2,0.00,0.84,91.80,91.80,91.80,92.28
706.wav,4,0.00,1.00,136.12,136.12,136.12,93.51
707.wav,1,0.00,0.88,77.03,77.03,77.03,81.60
708.wav,2,0.00,1.00,106.57,106.57,106.57,76.36
709.wav,2,0.02,1.00,91.80,91.80,91.80,87.82
710.wav,0,0.00,0.49,62.25,62.25,62.25,59.19
711.wav,1,0.00,1.00,91.80,91.80,91.80,74.29
712.wav,1,0.00,0.98,77.03,77.03,77.03,64.32
713.wav,3,0.00,0.95,121.35,121.35,121.35,71.76
714.wav,2,0.00,1.00,106.57,106.57,106.57,90.46
715.wav,1,0.00,1.00,91.80,91.80,91.80,78.24
716.wav,9,0.00,0.98,209.99,209.99,209.99,68.82
717.wav,2,0.00,0.98,106.57,106.57,106.57,72.43
718.wav,2,0.00,0.86,106.57,106.57,106.57,60.03
719.wav,12,0.00,0.98,254.32,254.32,254.32,56.69
720.wav,0,0.00,0.30,62.25,62.25,62.25,68.84
721.wav,2,0.02,0.95,106.57,106.57,106.57,68.73
722.wav,0,0.00,0.91,91.80,91.80,91.80,64.88
723.wav,3,0.00,0.98,121.35,121.35,121.35,69.00
724.wav,1,0.02,0.88,106.57,106.57,106.57,65.06
725.wav,6,0.00,0.98,224.77,224.77,224.77,63.73
726.wav,5,0.00,0.98,136.12,136.12,136.12,86.63
727.wav,1,0.00,0.98,91.80,91.80,91.80,67.73
728.wav,3,0.00,0.95,136.12,136.12,136.12,62.43
729.wav,5,0.00,1.00,224.77,224.77,224.77,61.99
730.wav,0,0.00,1.00,91.80,91.80,91.80,61.76
731.wav,3,0.00,0.93,136.12,136.12,136.12,67.69
732.wav,9,0.00,0.95,224.77,224.77,224.77,71.44
733.wav,6,0.00,0.84,195.22,195.22,195.22,60.14
734.wav,3,0.02,0.98,150.90,150.90,150.90,75.46
735.wav,4,0.02,0.86,136.12,136.12,136.12,58.93
736.wav,8,0.00,1.00,239.54,239.54,239.54,62.06
737.wav,3,0.05,0.91,150.90,150.90,150.90,54.31
738.wav,4,0.02,0.95,150.90,150.90,150.90,54.21
739.wav,0,0.00,0.93,91.80,91.80,91.80,68.66
740.wav,1,0.00,1.00,121.35,121.35,121.35,61.71
741.wav,8,0.00,0.98,209.99,209.99,209.99,56.22
742.wav,1,0.00,1.00,91.80,91.80,91.80,77.85
743.wav,1,0.00,0.63,91.80,91.80,91.80,76.89
744.wav,4,0.00,0.93,209.99,209.99,209.99,58.63
745.wav,2,0.00,0.98,136.12,136.12,136.12,59.83
746.wav,3,0.00,0.98,136.12,136.12,136.12,62.72
747.wav,4,0.14,0.91,150.90,150.90,150.90,66.70
748.wav,3,0.00,1.00,136.12,136.12,136.12,70.42
749.wav,3,0.00,1.00,136.12,136.12,136.12,72.26
750.wav,2,0.00,0.93,121.35,121.35,121.35,62.24
751.wav,0,0.00,0.91,77.03,77.03,77.03,57.82
752.wav,3,0.00,0.88,136.12,136.12,136.12,70.51
753.wav,9,0.00,0.98,224.77,224.77,224.77,64.94
754.wav,4,0.00,1.00,150.90,150.90,150.90,68.07
755.wav,2,0.00,1.00,106.57,106.57,106.57,63.38
756.wav,0,0.00,0.98,91.80,91.80,91.80,64.55
757.wav,0,0.00,0.98,91.80,91.80,91.80,62.34
758.wav,0,0.00,0.95,91.80,91.80,91.80,64.22
759.wav,2,0.00,0.95,106.57,106.57,106.57,66.74
760.wav,2,0.00,0.95,106.57,106.57,106.57,60.47
761.wav,6,0.00,0.93,224.77,224.77,224.77,54.09
762.wav,1,0.00,0.98,91.80,91.80,91.80,63.77
763.wav,0,0.02,0.88,91.80,91.80,91.80,64.44
764.wav,2,0.00,0.98,121.35,121.35,121.35,62.17
765.wav,5,0.00,0.77,165.67,165.67,165.67,66.05
766.wav,0,0.00,0.79,77.03,77.03,77.03,51.65
767.wav,0,0.02,0.98,91.80,91.80,91.80,63.22
768.wav,0,0.02,0.84,91.80,91.80,91.80,56.24
769.wav,1,0.02,1.00,106.57,106.57,106.57,65.05
770.wav,0,0.00,0.91,91.80,91.80,91.80,64.55
771.wav,3,0.00,1.00,136.12,136.12,136.12,68.60
772.wav,3,0.00,1.00,136.12,136.12,136.12,68.87
773.wav,19,0.00,0.70,535.03,535.03,535.03,58.34
774.wav,3,0.02,0.93,136.12,136.12,136.12,68.23
775.wav,0,0.00,0.93,91.80,91.80,91.80,58.64
776.wav,3,0.00,0.93,136.12,136.12,136.12,66.96
777.wav,0,0.02,0.81,91.80,91.80,91.80,61.84
778.wav,3,0.00,0.95,136.12,136.12,136.12,70.08
779.wav,2,0.00,1.00,121.35,121.35,121.35,68.35
780.wav,2,0.02,1.00,121.35,121.35,121.35,62.20
781.wav,3,0.00,0.93,136.12,136.12,136.12,69.58
782.wav,3,0.00,0.98,136.12,136.12,136.12,71.13
783.wav,3,0.00,1.00,136.12,136.12,136.12,72.32
784.wav,3,0.00,0.98,136.12,136.12,136.12,71.76
785.wav,2,0.00,1.00,121.35,121.35,121.35,64.13
786.wav,2,0.00,1.00,121.35,121.35,121.35,63.18
787.wav,1,0.00,1.00,91.80,91.80,91.80,61.06
788.wav,12,0.00,1.00,254.32,254.32,254.32,70.67
789.wav,0,0.00,0.91,91.80,91.80,91.80,68.15
790.wav,13,0.00,1.00,254.32,254.32,254.32,81.99
791.wav,0,0.00,1.00,62.25,62.25,62.25,67.50
792.wav,2,0.00,1.00,91.80,91.80,91.80,80.81
793.wav,1,0.00,1.00,77.03,77.03,77.03,77.86
794.wav,0,0.00,1.00,62.25,62.25,62.25,74.01
795.wav,0,0.00,0.86,62.25,62.25,62.25,74.37
796.wav,1,0.00,1.00,77.03,77.03,77.03,74.65
797.wav,0,0.00,1.00,62.25,62.25,62.25,73.38
798.wav,0,0.00,0.79,62.25,62.25,62.25,66.80
799.wav,1,0.00,1.00,77.03,77.03,77.03,75.92
800.wav,1,0.00,1.00,77.03,77.03,77.03,76.91
801.wav,1,0.00,1.00,77.03,77.03,77.03,75.50
802.wav,0,0.00,1.00,62.25,62.25,62.25,71.44
867.wav,7,0.26,1.00,490.71,490.71,490.71,80.68
869.wav,0,0.84,0.93,653.22,653.22,653.22,88.43
870.wav,2,0.07,0.21,328.19,328.19,328.19,62.68
871.wav,0,0.44,0.86,254.32,254.32,254.32,69.28
874.wav,4,0.30,0.72,254.32,254.32,254.32,78.62
875.wav,0,0.46,0.56,372.51,372.51,372.51,61.90
876.wav,2,0.74,0.98,269.09,269.09,269.09,76.24
879.wav,0,0.67,1.00,283.87,283.87,283.87,80.52
881.wav,0,0.58,0.67,1247.77,1247.77,1247.77,75.35
884.wav,0,0.60,0.84,150.90,150.90,150.90,56.11
888.wav,0,0.44,0.53,727.10,727.10,727.10,71.04
890.wav,0,0.28,1.00,579.35,579.35,579.35,78.91
901.wav,0,0.37,0.65,490.71,490.71,490.71,73.87
903.wav,0,0.37,0.86,150.90,150.90,150.90,67.39
907.wav,0,0.00,0.37,150.90,150.90,150.90,67.05
914.wav,0,0.56,0.84,254.32,254.32,254.32,74.91
918.wav,0,0.19,0.28,254.32,254.32,254.32,77.57
982.wav,2,0.42,0.86,209.99,209.99,209.99,72.45
983.wav,2,0.02,0.23,520.26,520.26,520.26,64.32
984.wav,2,0.42,0.67,549.80,549.80,549.80,59.78
988.wav,0,0.02,0.16,254.32,254.32,254.32,55.93
988.wav,1,0.19,0.44,653.22,653.22,653.22,53.07
996.wav,4,0.84,1.00,209.99,209.99,209.99,63.44
997.wav,0,0.00,0.53,239.54,239.54,239.54,66.46
